-- phpMyAdmin SQL Dump
-- version 5.1.0
-- https://www.phpmyadmin.net/
--
-- Host: 127.0.0.1
-- Waktu pembuatan: 22 Bulan Mei 2021 pada 07.37
-- Versi server: 10.4.18-MariaDB
-- Versi PHP: 8.0.3

SET SQL_MODE = "NO_AUTO_VALUE_ON_ZERO";
START TRANSACTION;
SET time_zone = "+00:00";


/*!40101 SET @OLD_CHARACTER_SET_CLIENT=@@CHARACTER_SET_CLIENT */;
/*!40101 SET @OLD_CHARACTER_SET_RESULTS=@@CHARACTER_SET_RESULTS */;
/*!40101 SET @OLD_COLLATION_CONNECTION=@@COLLATION_CONNECTION */;
/*!40101 SET NAMES utf8mb4 */;

--
-- Database: `class_schedule_board`
--

-- --------------------------------------------------------

--
-- Struktur dari tabel `dosen`
--

CREATE TABLE `dosen` (
  `id` int(10) UNSIGNED NOT NULL,
  `nama_dosen` varchar(255) COLLATE utf8mb4_unicode_ci NOT NULL,
  `created_at` timestamp NULL DEFAULT NULL,
  `updated_at` timestamp NULL DEFAULT NULL
) ENGINE=InnoDB DEFAULT CHARSET=utf8mb4 COLLATE=utf8mb4_unicode_ci;

--
-- Dumping data untuk tabel `dosen`
--

INSERT INTO `dosen` (`id`, `nama_dosen`, `created_at`, `updated_at`) VALUES
(1, 'Abdul Barir Hakim', NULL, NULL),
(2, 'Abdul Haris Mukhtar', NULL, NULL),
(3, 'Ahlijati Nuraminah', NULL, NULL),
(4, 'Ahmad Khoiril Anam', NULL, NULL),
(5, 'Ahmad Maulidizen', NULL, NULL),
(6, 'Ahmad Nur Ihsan', NULL, NULL),
(7, 'Andika Sundawijaya', NULL, NULL),
(8, 'Anggar Riskinanto', NULL, NULL),
(9, 'Asri Pertiwi', NULL, NULL),
(10, 'Bayu Kelana', NULL, NULL),
(11, 'Dadan Ramdhan', NULL, NULL),
(12, 'Danang Indrajaya', NULL, NULL),
(13, 'Dedi Kiswanto', NULL, NULL),
(14, 'Desy Komalasari', NULL, NULL),
(15, 'Edo Surya Utama', NULL, NULL),
(16, 'Erza Sofian', NULL, NULL),
(17, 'Fesa Aditia', NULL, NULL),
(18, 'Indira Laksmi', NULL, NULL),
(19, 'Irna Azzadina', NULL, NULL),
(20, 'Johny Hizkia Siringo Ringo', NULL, NULL),
(21, 'Leli Deswindi', NULL, NULL),
(22, 'Lia Siti Julaeha', NULL, NULL),
(23, 'Maya Syafriana Effendi', NULL, NULL),
(24, 'Muhammad Bachtiar', NULL, NULL),
(25, 'Muhammad Zaky', NULL, NULL),
(26, 'Risman Nugraha', NULL, NULL),
(27, 'Siti Lutfiyanah', NULL, NULL),
(28, 'Sujoko Winanto', NULL, NULL),
(29, 'Tim Dosen CS', NULL, NULL),
(30, 'Tim Dosen BIS', NULL, NULL),
(31, 'Tim Dosen Manajemen', NULL, NULL),
(32, 'Venny Rikarianty', NULL, NULL),
(33, 'Widia Fatimah', NULL, NULL);

-- --------------------------------------------------------

--
-- Struktur dari tabel `dosen_matkul`
--

CREATE TABLE `dosen_matkul` (
  `id_dosen` int(10) UNSIGNED NOT NULL,
  `id_matkul` int(10) UNSIGNED NOT NULL,
  `created_at` timestamp NULL DEFAULT NULL,
  `updated_at` timestamp NULL DEFAULT NULL
) ENGINE=InnoDB DEFAULT CHARSET=utf8mb4 COLLATE=utf8mb4_unicode_ci;

--
-- Dumping data untuk tabel `dosen_matkul`
--

INSERT INTO `dosen_matkul` (`id_dosen`, `id_matkul`, `created_at`, `updated_at`) VALUES
(1, 16, NULL, NULL),
(1, 31, NULL, NULL),
(2, 3, NULL, NULL),
(2, 4, NULL, NULL),
(3, 11, NULL, NULL),
(3, 12, NULL, NULL),
(3, 19, NULL, NULL),
(3, 23, NULL, NULL),
(3, 24, NULL, NULL),
(3, 28, NULL, NULL),
(3, 58, NULL, NULL),
(3, 59, NULL, NULL),
(4, 7, NULL, NULL),
(5, 66, NULL, NULL),
(5, 69, NULL, NULL),
(6, 10, NULL, NULL),
(6, 41, NULL, NULL),
(6, 63, NULL, NULL),
(7, 40, NULL, NULL),
(8, 9, NULL, NULL),
(8, 17, NULL, NULL),
(8, 30, NULL, NULL),
(8, 71, NULL, NULL),
(9, 38, NULL, NULL),
(9, 39, NULL, NULL),
(10, 15, NULL, NULL),
(10, 20, NULL, NULL),
(10, 32, NULL, NULL),
(11, 64, NULL, NULL),
(12, 16, NULL, NULL),
(12, 34, NULL, NULL),
(12, 37, NULL, NULL),
(12, 67, NULL, NULL),
(13, 26, NULL, NULL),
(13, 36, NULL, NULL),
(13, 63, NULL, NULL),
(13, 70, NULL, NULL),
(14, 21, NULL, NULL),
(14, 33, NULL, NULL),
(14, 35, NULL, NULL),
(15, 18, NULL, NULL),
(15, 25, NULL, NULL),
(16, 22, NULL, NULL),
(16, 27, NULL, NULL),
(16, 29, NULL, NULL),
(17, 42, NULL, NULL),
(17, 43, NULL, NULL),
(17, 51, NULL, NULL),
(17, 52, NULL, NULL),
(17, 54, NULL, NULL),
(18, 48, NULL, NULL),
(18, 49, NULL, NULL),
(18, 50, NULL, NULL),
(19, 68, NULL, NULL),
(20, 14, NULL, NULL),
(21, 55, NULL, NULL),
(21, 56, NULL, NULL),
(21, 57, NULL, NULL),
(21, 61, NULL, NULL),
(21, 62, NULL, NULL),
(21, 67, NULL, NULL),
(21, 68, NULL, NULL),
(22, 60, NULL, NULL),
(23, 65, NULL, NULL),
(24, 53, NULL, NULL),
(25, 8, NULL, NULL),
(26, 2, NULL, NULL),
(26, 6, NULL, NULL),
(27, 5, NULL, NULL),
(28, 44, NULL, NULL),
(28, 45, NULL, NULL),
(29, 13, NULL, NULL),
(31, 46, NULL, NULL),
(31, 47, NULL, NULL),
(32, 1, NULL, NULL),
(33, 68, NULL, NULL);

-- --------------------------------------------------------

--
-- Struktur dari tabel `jadwal`
--

CREATE TABLE `jadwal` (
  `id` int(10) UNSIGNED NOT NULL,
  `id_matkul` int(10) UNSIGNED NOT NULL,
  `id_ruang` int(10) UNSIGNED NOT NULL,
  `hari` varchar(255) COLLATE utf8mb4_unicode_ci NOT NULL,
  `jenis_kelas` varchar(255) COLLATE utf8mb4_unicode_ci NOT NULL,
  `waktu_mulai` time NOT NULL,
  `waktu_selesai` time NOT NULL,
  `tanggal_mulai` date NOT NULL,
  `created_at` timestamp NULL DEFAULT NULL,
  `updated_at` timestamp NULL DEFAULT NULL
) ENGINE=InnoDB DEFAULT CHARSET=utf8mb4 COLLATE=utf8mb4_unicode_ci;

--
-- Dumping data untuk tabel `jadwal`
--

INSERT INTO `jadwal` (`id`, `id_matkul`, `id_ruang`, `hari`, `jenis_kelas`, `waktu_mulai`, `waktu_selesai`, `tanggal_mulai`, `created_at`, `updated_at`) VALUES
(1, 16, 1, 'Senin', 'TEORI', '07:30:00', '09:10:00', '2021-02-15', NULL, NULL),
(2, 16, 1, 'Senin', 'LAB', '09:40:00', '11:20:00', '2021-02-15', NULL, NULL),
(3, 25, 3, 'Senin', 'TEORI', '07:30:00', '10:00:00', '2021-02-15', NULL, NULL),
(4, 24, 4, 'Senin', 'TEORI', '07:30:00', '10:00:00', '2021-02-15', NULL, NULL),
(5, 39, 5, 'Senin', 'TEORI', '08:00:00', '09:40:00', '2021-02-15', NULL, NULL),
(6, 39, 5, 'Senin', 'TEORI', '10:00:00', '11:40:00', '2021-02-15', NULL, NULL),
(7, 48, 6, 'Senin', 'TEORI', '08:00:00', '10:30:00', '2021-02-15', NULL, NULL),
(8, 42, 7, 'Senin', 'TEORI', '08:00:00', '10:30:00', '2021-02-15', NULL, NULL),
(9, 9, 8, 'Senin', 'TEORI', '08:00:00', '09:40:00', '2021-02-15', NULL, NULL),
(10, 33, 9, 'Senin', 'TEORI', '09:40:00', '12:10:00', '2021-02-15', NULL, NULL),
(11, 29, 10, 'Senin', 'TEORI', '13:00:00', '14:40:00', '2021-02-15', NULL, NULL),
(12, 68, 11, 'Senin', 'TEORI', '13:00:00', '15:30:00', '2021-02-15', NULL, NULL),
(13, 41, 12, 'Senin', 'TEORI', '13:00:00', '15:30:00', '2021-02-15', NULL, NULL),
(14, 41, 12, 'Senin', 'LAB', '16:00:00', '16:50:00', '2021-02-15', NULL, NULL),
(15, 11, 2, 'Senin', 'TEORI', '13:00:00', '15:30:00', '2021-02-15', NULL, NULL),
(16, 23, 3, 'Senin', 'TEORI', '13:00:00', '15:30:00', '2021-02-15', NULL, NULL),
(17, 12, 4, 'Senin', 'TEORI', '13:00:00', '15:30:00', '2021-02-15', NULL, NULL),
(18, 1, 5, 'Selasa', 'TEORI', '07:30:00', '09:10:00', '2021-02-16', NULL, NULL),
(19, 1, 5, 'Selasa', 'LAB', '09:40:00', '11:20:00', '2021-02-16', NULL, NULL),
(20, 2, 7, 'Selasa', 'TEORI', '07:30:00', '10:00:00', '2021-02-16', NULL, NULL),
(21, 61, 8, 'Selasa', 'TEORI', '07:30:00', '10:00:00', '2021-02-16', NULL, NULL),
(22, 62, 9, 'Selasa', 'TEORI', '07:30:00', '10:00:00', '2021-02-16', NULL, NULL),
(23, 21, 10, 'Selasa', 'TEORI', '09:40:00', '12:10:00', '2021-02-16', NULL, NULL),
(24, 44, 11, 'Selasa', 'TEORI', '10:30:00', '13:00:00', '2021-02-16', NULL, NULL),
(25, 3, 12, 'Selasa', 'TEORI', '10:30:00', '13:00:00', '2021-02-16', NULL, NULL),
(26, 36, 1, 'Selasa', 'TEORI', '13:30:00', '16:00:00', '2021-02-16', NULL, NULL),
(27, 32, 2, 'Selasa', 'TEORI', '13:30:00', '16:00:00', '2021-02-16', NULL, NULL),
(28, 6, 3, 'Selasa', 'TEORI', '13:30:00', '16:00:00', '2021-02-16', NULL, NULL),
(29, 67, 4, 'Selasa', 'TEORI', '13:30:00', '16:00:00', '2021-02-16', NULL, NULL),
(30, 31, 5, 'Rabu', 'TEORI', '07:30:00', '09:10:00', '2021-02-17', NULL, NULL),
(31, 31, 5, 'Rabu', 'LAB', '09:40:00', '11:20:00', '2021-02-17', NULL, NULL),
(32, 5, 7, 'Rabu', 'TEORI', '08:00:00', '10:30:00', '2021-02-17', NULL, NULL),
(33, 30, 8, 'Rabu', 'TEORI', '08:00:00', '09:40:00', '2021-02-17', NULL, NULL),
(34, 30, 8, 'Rabu', 'LAB', '10:00:00', '11:40:00', '2021-02-17', NULL, NULL),
(35, 66, 10, 'Rabu', 'TEORI', '08:00:00', '10:30:00', '2021-02-17', NULL, NULL),
(36, 60, 11, 'Rabu', 'TEORI', '08:20:00', '10:50:00', '2021-02-17', NULL, NULL),
(37, 38, 12, 'Rabu', 'TEORI', '13:00:00', '15:30:00', '2021-02-17', NULL, NULL),
(38, 38, 12, 'Rabu', 'LAB', '16:00:00', '16:50:00', '2021-02-17', NULL, NULL),
(39, 37, 2, 'Rabu', 'TEORI', '13:00:00', '15:30:00', '2021-02-17', NULL, NULL),
(40, 22, 3, 'Rabu', 'TEORI', '13:00:00', '15:30:00', '2021-02-17', NULL, NULL),
(41, 22, 3, 'Rabu', 'LAB', '16:00:00', '16:50:00', '2021-02-17', NULL, NULL),
(42, 51, 5, 'Rabu', 'TEORI', '13:00:00', '15:30:00', '2021-02-17', NULL, NULL),
(43, 53, 6, 'Rabu', 'TEORI', '13:00:00', '15:30:00', '2021-02-17', NULL, NULL),
(44, 19, 7, 'Rabu', 'TEORI', '13:00:00', '15:30:00', '2021-02-17', NULL, NULL),
(45, 59, 8, 'Rabu', 'TEORI', '13:00:00', '15:30:00', '2021-02-17', NULL, NULL),
(46, 58, 9, 'Rabu', 'TEORI', '13:00:00', '15:30:00', '2021-02-17', NULL, NULL),
(47, 47, 10, 'Rabu', 'TEORI', '16:00:00', '18:30:00', '2021-02-17', NULL, NULL),
(48, 14, 11, 'Kamis', 'TEORI', '07:30:00', '09:10:00', '2021-02-18', NULL, NULL),
(49, 14, 11, 'Kamis', 'LAB', '09:10:00', '10:00:00', '2021-02-18', NULL, NULL),
(50, 49, 1, 'Kamis', 'TEORI', '08:00:00', '10:30:00', '2021-02-18', NULL, NULL),
(51, 65, 2, 'Kamis', 'TEORI', '08:00:00', '10:30:00', '2021-02-18', NULL, NULL),
(52, 43, 3, 'Kamis', 'TEORI', '08:00:00', '11:20:00', '2021-02-18', NULL, NULL),
(53, 17, 4, 'Kamis', 'TEORI', '08:00:00', '09:40:00', '2021-02-18', NULL, NULL),
(54, 17, 4, 'Kamis', 'LAB', '10:00:00', '11:40:00', '2021-02-18', NULL, NULL),
(55, 70, 6, 'Kamis', 'TEORI', '08:00:00', '09:40:00', '2021-02-18', NULL, NULL),
(56, 35, 7, 'Kamis', 'TEORI', '09:40:00', '12:10:00', '2021-02-18', NULL, NULL),
(57, 27, 8, 'Kamis', 'TEORI', '10:30:00', '12:10:00', '2021-02-18', NULL, NULL),
(58, 27, 8, 'Kamis', 'LAB', '13:00:00', '14:40:00', '2021-02-18', NULL, NULL),
(59, 26, 10, 'Kamis', 'TEORI', '13:00:00', '15:00:00', '2021-02-18', NULL, NULL),
(60, 8, 11, 'Kamis', 'TEORI', '13:00:00', '14:40:00', '2021-02-18', NULL, NULL),
(61, 15, 12, 'Kamis', 'TEORI', '13:00:00', '15:30:00', '2021-02-18', NULL, NULL),
(62, 15, 12, 'Kamis', 'LAB', '16:00:00', '16:50:00', '2021-02-18', NULL, NULL),
(63, 50, 2, 'Kamis', 'TEORI', '13:00:00', '15:30:00', '2021-02-18', NULL, NULL),
(64, 69, 3, 'Kamis', 'TEORI', '13:00:00', '14:40:00', '2021-02-18', NULL, NULL),
(65, 45, 4, 'Kamis', 'TEORI', '13:00:00', '14:40:00', '2021-02-18', NULL, NULL),
(66, 45, 4, 'Kamis', 'LAB', '14:40:00', '16:20:00', '2021-02-18', NULL, NULL),
(67, 18, 6, 'Jum\'at', 'TEORI', '07:30:00', '09:10:00', '2021-02-19', NULL, NULL),
(68, 18, 6, 'Jum\'at', 'LAB', '09:10:00', '10:50:00', '2021-02-19', NULL, NULL),
(69, 28, 8, 'Jum\'at', 'TEORI', '07:30:00', '10:00:00', '2021-02-19', NULL, NULL),
(70, 28, 8, 'Jum\'at', 'LAB', '10:00:00', '11:30:00', '2021-02-19', NULL, NULL),
(71, 13, 10, 'Jum\'at', 'TEORI', '08:00:00', '10:30:00', '2021-02-19', NULL, NULL),
(72, 20, 11, 'Jum\'at', 'TEORI', '08:00:00', '10:30:00', '2021-02-19', NULL, NULL),
(73, 63, 12, 'Jum\'at', 'TEORI', '08:00:00', '10:30:00', '2021-02-19', NULL, NULL),
(74, 34, 1, 'Jum\'at', 'TEORI', '08:00:00', '10:30:00', '2021-02-19', NULL, NULL),
(75, 52, 2, 'Jum\'at', 'TEORI', '08:00:00', '10:30:00', '2021-02-19', NULL, NULL),
(76, 54, 3, 'Jum\'at', 'TEORI', '08:00:00', '10:30:00', '2021-02-19', NULL, NULL),
(77, 71, 4, 'Jum\'at', 'TEORI', '13:30:00', '16:00:00', '2021-02-19', NULL, NULL),
(78, 64, 5, 'Jum\'at', 'TEORI', '13:30:00', '16:00:00', '2021-02-19', NULL, NULL),
(79, 46, 6, 'Jum\'at', 'TEORI', '13:20:00', '15:00:00', '2021-02-19', NULL, NULL),
(80, 46, 6, 'Jum\'at', 'LAB', '15:00:00', '16:40:00', '2021-02-19', NULL, NULL),
(81, 7, 8, 'Jum\'at', 'TEORI', '13:30:00', '16:00:00', '2021-02-19', NULL, NULL),
(82, 10, 9, 'Jum\'at', 'TEORI', '13:30:00', '16:00:00', '2021-02-19', NULL, NULL),
(83, 40, 10, 'Sabtu', 'TEORI', '07:30:00', '09:10:00', '2021-02-20', NULL, NULL),
(84, 40, 10, 'Sabtu', 'LAB', '09:40:00', '11:20:00', '2021-02-20', NULL, NULL),
(85, 56, 12, 'Sabtu', 'TEORI', '08:00:00', '10:30:00', '2021-02-20', NULL, NULL),
(86, 4, 1, 'Sabtu', 'TEORI', '13:00:00', '13:50:00', '2021-02-20', NULL, NULL),
(87, 4, 2, 'Sabtu', 'LAB', '13:50:00', '16:20:00', '2021-02-20', NULL, NULL),
(88, 55, 3, 'Sabtu', 'TEORI', '13:00:00', '15:30:00', '2021-02-20', NULL, NULL),
(89, 57, 4, 'Sabtu', 'TEORI', '13:00:00', '15:30:00', '2021-02-20', NULL, NULL);

-- --------------------------------------------------------

--
-- Struktur dari tabel `matakuliah`
--

CREATE TABLE `matakuliah` (
  `id` int(10) UNSIGNED NOT NULL,
  `kode_matakuliah` varchar(255) COLLATE utf8mb4_unicode_ci NOT NULL,
  `nama_matakuliah` varchar(255) COLLATE utf8mb4_unicode_ci NOT NULL,
  `sks` varchar(6) COLLATE utf8mb4_unicode_ci NOT NULL,
  `semester` varchar(255) COLLATE utf8mb4_unicode_ci NOT NULL,
  `created_at` timestamp NULL DEFAULT NULL,
  `updated_at` timestamp NULL DEFAULT NULL
) ENGINE=InnoDB DEFAULT CHARSET=utf8mb4 COLLATE=utf8mb4_unicode_ci;

--
-- Dumping data untuk tabel `matakuliah`
--

INSERT INTO `matakuliah` (`id`, `kode_matakuliah`, `nama_matakuliah`, `sks`, `semester`, `created_at`, `updated_at`) VALUES
(1, 'ESQC102', 'Pengembangan dan Manajemen Diri 2', '2+1', '2-BM, BIS, CS', NULL, NULL),
(2, 'ESQC204', 'Kepemimpinan Berbasis Karakter 2', '3+0', '4-BM, BIS, CS', NULL, NULL),
(3, 'ESQC306', 'Kepemimpinan Perubahan 2', '3+0', '6-BM, BIS, CS', NULL, NULL),
(4, 'ESQC408', 'Pemberdayaan Masyarakat', '1+2', '8-BM, BIS, CS', NULL, NULL),
(5, 'ESQCU104', 'Bahasa Inggris', '3+0', '2,4-CS, 2-BIS', NULL, NULL),
(6, 'ESQH101', 'Komunikasi dan Presentasi', '3+0', '2-BIS, BIS, CS', NULL, NULL),
(7, 'ESQU103', 'Bahasa Indonesia', '3+0', '2-BM', NULL, NULL),
(8, 'ESQU106', 'Pendidikan Kewarganegaraan', '2+0', '2-BM, CS dan 4-BIS', NULL, NULL),
(9, 'ISES102', 'Sistem Informasi Manajemen', '2+0', '4-BMB', NULL, NULL),
(10, 'KBAI405', 'Topik Khusus Machine Learning', '3+0', '8-CS', NULL, NULL),
(11, 'KBGB301', 'Android Application Fundamentals', '6+0', '6-CS', NULL, NULL),
(12, 'KBGB302', 'Google Cloud Computing Foundations', '6+0', '6-CS', NULL, NULL),
(13, 'KBIK401', 'Skripsi', '6+0', '8-CS', NULL, NULL),
(14, 'KBMM102', 'Multimedia Animasi', '2+1', '2-BIS, CS', NULL, NULL),
(15, 'KBMM304', 'Interaksi Manusia dan Komputer', '2+1', '6-BIS', NULL, NULL),
(16, 'KBMT308', 'Statistika R', '2+1', '6, 8-BIS', NULL, NULL),
(17, 'KBPR206', 'Web Framework', '2+1', '4, 6-BIS', NULL, NULL),
(18, 'KBPR207', 'Web Framework', '2+1', '6-CS', NULL, NULL),
(19, 'KBRS402', 'Kerja Praktik', '3+0', '6-CS', NULL, NULL),
(20, 'KBRS402', 'Kerja Praktek', '3+0', '6, 8-BIS', NULL, NULL),
(21, 'KBRS404', 'Metodologi Penelitian dan Penulisan Ilmiah', '3+0', '6-CS', NULL, NULL),
(22, 'KBSE302', 'Rekayasa Perangkat Lunak', '2+1', '6-BIS', NULL, NULL),
(23, 'KBSE401', 'Penjaminan Kualitas Perangkat Lunak', '2+1', '6-CS', NULL, NULL),
(24, 'KBSE402', 'Manajemen Proyek', '3+0', '6-CS', NULL, NULL),
(25, 'KKAI300', 'Kecerdasan Buatan', '3+0', '4-CS', NULL, NULL),
(26, 'KKAR201', 'Jaringan Komputer', '3+0', '4-CS', NULL, NULL),
(27, 'KKBD101', 'Pengantar Basis Data', '2+1', '2-BIS', NULL, NULL),
(28, 'KKBD200', 'Basis Data', '3+1', '4-CS', NULL, NULL),
(29, 'KKBD203', 'Dasar Pengolahan Data Besar', '2+0', '4, 6-BIS', NULL, NULL),
(30, 'KKBD307', 'Sistem Penunjang Keputusan', '2+1', '6-BIS', NULL, NULL),
(31, 'KKES201', 'Analisa dan Perancangan Berorientasi Objek', '2+1', '4-BIS', NULL, NULL),
(32, 'KKIN202', 'Technopreneurship', '3+0', '4-BIS, 4-CS', NULL, NULL),
(33, 'KKMT101', 'Matematika Diskrit 2', '3+0', '2-CS', NULL, NULL),
(34, 'KKMT104', 'Matematika', '3+0', '2-CS', NULL, NULL),
(35, 'KKMT202', 'Aljabar Linier', '3+0', '2-CS', NULL, NULL),
(36, 'KKMT203', 'Statistika dan Probabilitas', '3+0', '2-CS', NULL, NULL),
(37, 'KKMT306', 'Statistika untuk Bisnis', '3+0', '4-BIS', NULL, NULL),
(38, 'KKPR102', 'Teknologi Web', '2+1', '2-BIS', NULL, NULL),
(39, 'KKPR103', 'Dasar Pemrograman', '2+1', '2-BIS', NULL, NULL),
(40, 'KKPR105', 'Pemrograman Berorientasi Objek', '3+1', '2-CS', NULL, NULL),
(41, 'KKPR205', 'Pemrograman Web', '2+1', '4-CS', NULL, NULL),
(42, 'MBAC101', 'Prinsip Akuntansi', '3+0', '2-BMA', NULL, NULL),
(43, 'MBAC202', 'Akuntansi Manajerial', '4+0', '4-BM', NULL, NULL),
(44, 'MBAP201', 'Kewirausahaan', '3+0', '4-BM', NULL, NULL),
(45, 'MBAP303', 'Pengembangan Bisnis 1', '2+1', '6-BM', NULL, NULL),
(46, 'MBAP303', 'Pengembangan Bisnis 1', '2+1', 'Second Generation', NULL, NULL),
(47, 'MBAP406', 'Skripsi', '6+0', '8-BM', NULL, NULL),
(48, 'MBEC101', 'Ekonomi Mikro', '3+0', '2-BMB', NULL, NULL),
(49, 'MBEC105', 'Makro Ekonomi Islam', '3+0', '2-BMA', NULL, NULL),
(50, 'MBEC203', 'Ekonomi Manajerial', '3+0', '4-BMB', NULL, NULL),
(51, 'MBFN302', 'Keuangan Perusahaan Lanjutan', '3+0', '4-BM', NULL, NULL),
(52, 'MBFN303', 'Manajemen Investasi', '3+0', '6-BMA', NULL, NULL),
(53, 'MBFN306', 'Manajemen Perbankan Syariah', '3+0', '6-BMA', NULL, NULL),
(54, 'MBFN312', 'Manajemen Investasi dan Pasar Modal', '3+0', '6-BMB', NULL, NULL),
(55, 'MBKM301', 'Studi Independen', '3+0', '6-BM', NULL, NULL),
(56, 'MBKM302', 'Proyek Independen', '9+0', '6-BM', NULL, NULL),
(57, 'MBKM303', 'Pertukaran Pelajar', '6+0', '6-BM', NULL, NULL),
(58, 'MBKM321', 'Industrial Intership', '9+0', '6-CS', NULL, NULL),
(59, 'MBKM323', 'Studi Independen', '9+0', '6-CS', NULL, NULL),
(60, 'MBMK202', 'Perilaku Konsumen', '3+0', '4-BM', NULL, NULL),
(61, 'MBMK303', 'Pemasaran Jasa', '3+0', '6-BMB', NULL, NULL),
(62, 'MBMK306', 'Pemasaran Jasa Syariah', '3+0', '6-BMA', NULL, NULL),
(63, 'MBMN203', 'Manajemen Inovasi dan Teknologi', '3+0', '2-BMB & 4-BMA', NULL, NULL),
(64, 'MBMN404', 'Bisnis Islam Global', '3+0', '6-BMA', NULL, NULL),
(65, 'MBMT304', 'Metode Riset Bisnis', '3+0', '6-BM', NULL, NULL),
(66, 'MBOP201', 'Manajemen Operasi', '3+0', '2-BM', NULL, NULL),
(67, 'MBOP306', 'Sistem Manajemen Mutu', '3+0', '6-BMB', NULL, NULL),
(68, 'MBSH202', 'Perilaku Organisasi', '3+0', '6-BMB', NULL, NULL),
(69, 'MBSH208', 'Fiqh Muamalah 1', '2+0', '4-BMA', NULL, NULL),
(70, 'PBRS404', 'Etika Profesi', '2+0', '6-CS', NULL, NULL),
(71, 'PBRS404', 'Etika Profesi', '2+0', '6, 8-BIS', NULL, NULL);

-- --------------------------------------------------------

--
-- Struktur dari tabel `migrations`
--

CREATE TABLE `migrations` (
  `id` int(10) UNSIGNED NOT NULL,
  `migration` varchar(255) COLLATE utf8mb4_unicode_ci NOT NULL,
  `batch` int(11) NOT NULL
) ENGINE=InnoDB DEFAULT CHARSET=utf8mb4 COLLATE=utf8mb4_unicode_ci;

--
-- Dumping data untuk tabel `migrations`
--

INSERT INTO `migrations` (`id`, `migration`, `batch`) VALUES
(1, '2021_05_01_064007_create_dosen_table', 1),
(2, '2021_05_01_064121_create_ruangan_table', 1),
(3, '2021_05_01_064141_create_status_table', 1),
(4, '2021_05_01_064203_create_matakuliah_table', 1),
(5, '2021_05_01_064229_create_matkul_dosen_table', 1),
(6, '2021_05_01_064247_create_jadwal_table', 1),
(7, '2021_05_01_064309_create_sesi_kelas_table', 1),
(8, '2021_05_01_092349_create_dosen_matkul_table', 2);

-- --------------------------------------------------------

--
-- Struktur dari tabel `ruangan`
--

CREATE TABLE `ruangan` (
  `id` int(10) UNSIGNED NOT NULL,
  `no_ruangan` varchar(255) COLLATE utf8mb4_unicode_ci NOT NULL,
  `created_at` timestamp NULL DEFAULT NULL,
  `updated_at` timestamp NULL DEFAULT NULL
) ENGINE=InnoDB DEFAULT CHARSET=utf8mb4 COLLATE=utf8mb4_unicode_ci;

--
-- Dumping data untuk tabel `ruangan`
--

INSERT INTO `ruangan` (`id`, `no_ruangan`, `created_at`, `updated_at`) VALUES
(1, 'L.1801', NULL, NULL),
(2, 'L.1901', NULL, NULL),
(3, 'R.1803', NULL, NULL),
(4, 'R.1804', NULL, NULL),
(5, 'R.1805', NULL, NULL),
(6, 'R.1806', NULL, NULL),
(7, 'R.1807', NULL, NULL),
(8, 'R.1901', NULL, NULL),
(9, 'R.201', NULL, NULL),
(10, 'R.202', NULL, NULL),
(11, 'R.Inkubator', NULL, NULL),
(12, 'RAUDI', NULL, NULL);

-- --------------------------------------------------------

--
-- Struktur dari tabel `sesi_kelas`
--

CREATE TABLE `sesi_kelas` (
  `id` int(10) UNSIGNED NOT NULL,
  `id_status` int(10) UNSIGNED NOT NULL,
  `id_jadwal` int(10) UNSIGNED NOT NULL,
  `id_matkul` int(10) UNSIGNED NOT NULL,
  `id_ruang` int(10) UNSIGNED NOT NULL,
  `jenis_kelas` varchar(10) COLLATE utf8mb4_unicode_ci NOT NULL,
  `sesi` varchar(255) COLLATE utf8mb4_unicode_ci NOT NULL,
  `waktu_mulai` time NOT NULL,
  `waktu_selesai` time NOT NULL,
  `tanggal` date NOT NULL,
  `remarks` varchar(200) COLLATE utf8mb4_unicode_ci NOT NULL,
  `created_at` timestamp NULL DEFAULT NULL,
  `updated_at` timestamp NULL DEFAULT NULL
) ENGINE=InnoDB DEFAULT CHARSET=utf8mb4 COLLATE=utf8mb4_unicode_ci;

--
-- Dumping data untuk tabel `sesi_kelas`
--

INSERT INTO `sesi_kelas` (`id`, `id_status`, `id_jadwal`, `id_matkul`, `id_ruang`, `jenis_kelas`, `sesi`, `waktu_mulai`, `waktu_selesai`, `tanggal`, `remarks`, `created_at`, `updated_at`) VALUES
(1, 5, 1, 16, 1, 'TEORI', '1', '07:30:00', '09:10:00', '2021-02-22', 'Sudah Selesai', NULL, '2021-05-21 21:41:52'),
(2, 5, 1, 16, 1, 'TEORI', '2', '07:30:00', '09:10:00', '2021-03-01', '', NULL, NULL),
(3, 5, 1, 16, 1, 'TEORI', '3', '07:30:00', '09:10:00', '2021-03-08', '', NULL, NULL),
(4, 5, 1, 16, 1, 'TEORI', '4', '07:30:00', '09:10:00', '2021-03-15', '', NULL, NULL),
(5, 5, 1, 16, 1, 'TEORI', '5', '07:30:00', '09:10:00', '2021-03-22', '', NULL, NULL),
(6, 5, 1, 16, 1, 'TEORI', '6', '07:30:00', '09:10:00', '2021-03-29', '', NULL, NULL),
(7, 5, 1, 16, 1, 'TEORI', '7', '07:30:00', '09:10:00', '2021-04-05', '', NULL, NULL),
(8, 5, 1, 16, 1, 'TEORI', '8', '07:30:00', '09:10:00', '2021-04-12', '', NULL, NULL),
(9, 5, 1, 16, 1, 'TEORI', '9', '07:30:00', '09:10:00', '2021-04-19', '', NULL, NULL),
(10, 5, 1, 16, 1, 'TEORI', '10', '07:30:00', '09:10:00', '2021-04-26', '', NULL, NULL),
(11, 1, 1, 16, 1, 'TEORI', '11', '07:30:00', '09:10:00', '2021-05-03', '', NULL, NULL),
(12, 1, 1, 16, 1, 'TEORI', '12', '07:30:00', '09:10:00', '2021-05-10', '', NULL, NULL),
(13, 1, 1, 16, 1, 'TEORI', '13', '07:30:00', '09:10:00', '2021-05-17', '', NULL, NULL),
(14, 1, 1, 16, 1, 'TEORI', '14', '07:30:00', '09:10:00', '2021-05-24', '', NULL, NULL),
(15, 1, 1, 16, 1, 'TEORI', '15', '07:30:00', '09:10:00', '2021-05-31', '', NULL, NULL),
(16, 1, 1, 16, 1, 'TEORI', '16', '07:30:00', '09:10:00', '2021-06-07', '', NULL, NULL),
(17, 5, 2, 16, 1, 'LAB', '1', '09:40:00', '11:20:00', '2021-02-22', '', NULL, NULL),
(18, 5, 2, 16, 1, 'LAB', '2', '09:40:00', '11:20:00', '2021-03-01', '', NULL, NULL),
(19, 5, 2, 16, 1, 'LAB', '3', '09:40:00', '11:20:00', '2021-03-08', '', NULL, NULL),
(20, 5, 2, 16, 1, 'LAB', '4', '09:40:00', '11:20:00', '2021-03-15', '', NULL, NULL),
(21, 5, 2, 16, 1, 'LAB', '5', '09:40:00', '11:20:00', '2021-03-22', '', NULL, NULL),
(22, 5, 2, 16, 1, 'LAB', '6', '09:40:00', '11:20:00', '2021-03-29', '', NULL, NULL),
(23, 5, 2, 16, 1, 'LAB', '7', '09:40:00', '11:20:00', '2021-04-05', '', NULL, NULL),
(24, 5, 2, 16, 1, 'LAB', '8', '09:40:00', '11:20:00', '2021-04-12', '', NULL, NULL),
(25, 5, 2, 16, 1, 'LAB', '9', '09:40:00', '11:20:00', '2021-04-19', '', NULL, NULL),
(26, 5, 2, 16, 1, 'LAB', '10', '09:40:00', '11:20:00', '2021-04-26', '', NULL, NULL),
(27, 1, 2, 16, 1, 'LAB', '11', '09:40:00', '11:20:00', '2021-05-03', '', NULL, NULL),
(28, 1, 2, 16, 1, 'LAB', '12', '09:40:00', '11:20:00', '2021-05-10', '', NULL, NULL),
(29, 1, 2, 16, 1, 'LAB', '13', '09:40:00', '11:20:00', '2021-05-17', '', NULL, NULL),
(30, 1, 2, 16, 1, 'LAB', '14', '09:40:00', '11:20:00', '2021-05-24', '', NULL, NULL),
(31, 1, 2, 16, 1, 'LAB', '15', '09:40:00', '11:20:00', '2021-05-31', '', NULL, NULL),
(32, 1, 2, 16, 1, 'LAB', '16', '09:40:00', '11:20:00', '2021-06-07', '', NULL, NULL),
(33, 5, 3, 25, 3, 'TEORI', '1', '07:30:00', '10:00:00', '2021-02-22', '', NULL, NULL),
(34, 5, 3, 25, 3, 'TEORI', '2', '07:30:00', '10:00:00', '2021-03-01', '', NULL, NULL),
(35, 5, 3, 25, 3, 'TEORI', '3', '07:30:00', '10:00:00', '2021-03-08', '', NULL, NULL),
(36, 5, 3, 25, 3, 'TEORI', '4', '07:30:00', '10:00:00', '2021-03-15', '', NULL, NULL),
(37, 5, 3, 25, 3, 'TEORI', '5', '07:30:00', '10:00:00', '2021-03-22', '', NULL, NULL),
(38, 5, 3, 25, 3, 'TEORI', '6', '07:30:00', '10:00:00', '2021-03-29', '', NULL, NULL),
(39, 5, 3, 25, 3, 'TEORI', '7', '07:30:00', '10:00:00', '2021-04-05', '', NULL, NULL),
(40, 5, 3, 25, 3, 'TEORI', '8', '07:30:00', '10:00:00', '2021-04-12', '', NULL, NULL),
(41, 5, 3, 25, 3, 'TEORI', '9', '07:30:00', '10:00:00', '2021-04-19', '', NULL, NULL),
(42, 5, 3, 25, 3, 'TEORI', '10', '07:30:00', '10:00:00', '2021-04-26', '', NULL, NULL),
(43, 1, 3, 25, 3, 'TEORI', '11', '07:30:00', '10:00:00', '2021-05-03', '', NULL, NULL),
(44, 1, 3, 25, 3, 'TEORI', '12', '07:30:00', '10:00:00', '2021-05-10', '', NULL, NULL),
(45, 1, 3, 25, 3, 'TEORI', '13', '07:30:00', '10:00:00', '2021-05-17', '', NULL, NULL),
(46, 1, 3, 25, 3, 'TEORI', '14', '07:30:00', '10:00:00', '2021-05-24', '', NULL, NULL),
(47, 1, 3, 25, 3, 'TEORI', '15', '07:30:00', '10:00:00', '2021-05-31', '', NULL, NULL),
(48, 1, 3, 25, 3, 'TEORI', '16', '07:30:00', '10:00:00', '2021-06-07', '', NULL, NULL),
(49, 5, 4, 24, 4, 'TEORI', '1', '07:30:00', '10:00:00', '2021-02-22', '', NULL, NULL),
(50, 5, 4, 24, 4, 'TEORI', '2', '07:30:00', '10:00:00', '2021-03-01', '', NULL, NULL),
(51, 5, 4, 24, 4, 'TEORI', '3', '07:30:00', '10:00:00', '2021-03-08', '', NULL, NULL),
(52, 5, 4, 24, 4, 'TEORI', '4', '07:30:00', '10:00:00', '2021-03-15', '', NULL, NULL),
(53, 5, 4, 24, 4, 'TEORI', '5', '07:30:00', '10:00:00', '2021-03-22', '', NULL, NULL),
(54, 5, 4, 24, 4, 'TEORI', '6', '07:30:00', '10:00:00', '2021-03-29', '', NULL, NULL),
(55, 5, 4, 24, 4, 'TEORI', '7', '07:30:00', '10:00:00', '2021-04-05', '', NULL, NULL),
(56, 5, 4, 24, 4, 'TEORI', '8', '07:30:00', '10:00:00', '2021-04-12', '', NULL, NULL),
(57, 5, 4, 24, 4, 'TEORI', '9', '07:30:00', '10:00:00', '2021-04-19', '', NULL, NULL),
(58, 5, 4, 24, 4, 'TEORI', '10', '07:30:00', '10:00:00', '2021-04-26', '', NULL, NULL),
(59, 1, 4, 24, 4, 'TEORI', '11', '07:30:00', '10:00:00', '2021-05-03', '', NULL, NULL),
(60, 1, 4, 24, 4, 'TEORI', '12', '07:30:00', '10:00:00', '2021-05-10', '', NULL, NULL),
(61, 1, 4, 24, 4, 'TEORI', '13', '07:30:00', '10:00:00', '2021-05-17', '', NULL, NULL),
(62, 1, 4, 24, 4, 'TEORI', '14', '07:30:00', '10:00:00', '2021-05-24', '', NULL, NULL),
(63, 1, 4, 24, 4, 'TEORI', '15', '07:30:00', '10:00:00', '2021-05-31', '', NULL, NULL),
(64, 1, 4, 24, 4, 'TEORI', '16', '07:30:00', '10:00:00', '2021-06-07', '', NULL, NULL),
(65, 5, 5, 39, 5, 'TEORI', '1', '08:00:00', '09:40:00', '2021-02-22', '', NULL, NULL),
(66, 5, 5, 39, 5, 'TEORI', '2', '08:00:00', '09:40:00', '2021-03-01', '', NULL, NULL),
(67, 5, 5, 39, 5, 'TEORI', '3', '08:00:00', '09:40:00', '2021-03-08', '', NULL, NULL),
(68, 5, 5, 39, 5, 'TEORI', '4', '08:00:00', '09:40:00', '2021-03-15', '', NULL, NULL),
(69, 5, 5, 39, 5, 'TEORI', '5', '08:00:00', '09:40:00', '2021-03-22', '', NULL, NULL),
(70, 5, 5, 39, 5, 'TEORI', '6', '08:00:00', '09:40:00', '2021-03-29', '', NULL, NULL),
(71, 5, 5, 39, 5, 'TEORI', '7', '08:00:00', '09:40:00', '2021-04-05', '', NULL, NULL),
(72, 5, 5, 39, 5, 'TEORI', '8', '08:00:00', '09:40:00', '2021-04-12', '', NULL, NULL),
(73, 5, 5, 39, 5, 'TEORI', '9', '08:00:00', '09:40:00', '2021-04-19', '', NULL, NULL),
(74, 5, 5, 39, 5, 'TEORI', '10', '08:00:00', '09:40:00', '2021-04-26', '', NULL, NULL),
(75, 1, 5, 39, 5, 'TEORI', '11', '08:00:00', '09:40:00', '2021-05-03', '', NULL, NULL),
(76, 1, 5, 39, 5, 'TEORI', '12', '08:00:00', '09:40:00', '2021-05-10', '', NULL, NULL),
(77, 1, 5, 39, 5, 'TEORI', '13', '08:00:00', '09:40:00', '2021-05-17', '', NULL, NULL),
(78, 1, 5, 39, 5, 'TEORI', '14', '08:00:00', '09:40:00', '2021-05-24', '', NULL, NULL),
(79, 1, 5, 39, 5, 'TEORI', '15', '08:00:00', '09:40:00', '2021-05-31', '', NULL, NULL),
(80, 1, 5, 39, 5, 'TEORI', '16', '08:00:00', '09:40:00', '2021-06-07', '', NULL, NULL),
(81, 5, 6, 39, 5, 'TEORI', '1', '10:00:00', '11:40:00', '2021-02-22', '', NULL, NULL),
(82, 5, 6, 39, 5, 'TEORI', '2', '10:00:00', '11:40:00', '2021-03-01', '', NULL, NULL),
(83, 5, 6, 39, 5, 'TEORI', '3', '10:00:00', '11:40:00', '2021-03-08', '', NULL, NULL),
(84, 5, 6, 39, 5, 'TEORI', '4', '10:00:00', '11:40:00', '2021-03-15', '', NULL, NULL),
(85, 5, 6, 39, 5, 'TEORI', '5', '10:00:00', '11:40:00', '2021-03-22', '', NULL, NULL),
(86, 5, 6, 39, 5, 'TEORI', '6', '10:00:00', '11:40:00', '2021-03-29', '', NULL, NULL),
(87, 5, 6, 39, 5, 'TEORI', '7', '10:00:00', '11:40:00', '2021-04-05', '', NULL, NULL),
(88, 5, 6, 39, 5, 'TEORI', '8', '10:00:00', '11:40:00', '2021-04-12', '', NULL, NULL),
(89, 5, 6, 39, 5, 'TEORI', '9', '10:00:00', '11:40:00', '2021-04-19', '', NULL, NULL),
(90, 5, 6, 39, 5, 'TEORI', '10', '10:00:00', '11:40:00', '2021-04-26', '', NULL, NULL),
(91, 1, 6, 39, 5, 'TEORI', '11', '10:00:00', '11:40:00', '2021-05-03', '', NULL, NULL),
(92, 1, 6, 39, 5, 'TEORI', '12', '10:00:00', '11:40:00', '2021-05-10', '', NULL, NULL),
(93, 1, 6, 39, 5, 'TEORI', '13', '10:00:00', '11:40:00', '2021-05-17', '', NULL, NULL),
(94, 1, 6, 39, 5, 'TEORI', '14', '10:00:00', '11:40:00', '2021-05-24', '', NULL, NULL),
(95, 1, 6, 39, 5, 'TEORI', '15', '10:00:00', '11:40:00', '2021-05-31', '', NULL, NULL),
(96, 1, 6, 39, 5, 'TEORI', '16', '10:00:00', '11:40:00', '2021-06-07', '', NULL, NULL),
(97, 5, 7, 48, 6, 'TEORI', '1', '08:00:00', '10:30:00', '2021-02-22', '', NULL, NULL),
(98, 5, 7, 48, 6, 'TEORI', '2', '08:00:00', '10:30:00', '2021-03-01', '', NULL, NULL),
(99, 5, 7, 48, 6, 'TEORI', '3', '08:00:00', '10:30:00', '2021-03-08', '', NULL, NULL),
(100, 5, 7, 48, 6, 'TEORI', '4', '08:00:00', '10:30:00', '2021-03-15', '', NULL, NULL),
(101, 5, 7, 48, 6, 'TEORI', '5', '08:00:00', '10:30:00', '2021-03-22', '', NULL, NULL),
(102, 5, 7, 48, 6, 'TEORI', '6', '08:00:00', '10:30:00', '2021-03-29', '', NULL, NULL),
(103, 5, 7, 48, 6, 'TEORI', '7', '08:00:00', '10:30:00', '2021-04-05', '', NULL, NULL),
(104, 5, 7, 48, 6, 'TEORI', '8', '08:00:00', '10:30:00', '2021-04-12', '', NULL, NULL),
(105, 5, 7, 48, 6, 'TEORI', '9', '08:00:00', '10:30:00', '2021-04-19', '', NULL, NULL),
(106, 5, 7, 48, 6, 'TEORI', '10', '08:00:00', '10:30:00', '2021-04-26', '', NULL, NULL),
(107, 1, 7, 48, 6, 'TEORI', '11', '08:00:00', '10:30:00', '2021-05-03', '', NULL, NULL),
(108, 1, 7, 48, 6, 'TEORI', '12', '08:00:00', '10:30:00', '2021-05-10', '', NULL, NULL),
(109, 1, 7, 48, 6, 'TEORI', '13', '08:00:00', '10:30:00', '2021-05-17', '', NULL, NULL),
(110, 1, 7, 48, 6, 'TEORI', '14', '08:00:00', '10:30:00', '2021-05-24', '', NULL, NULL),
(111, 1, 7, 48, 6, 'TEORI', '15', '08:00:00', '10:30:00', '2021-05-31', '', NULL, NULL),
(112, 1, 7, 48, 6, 'TEORI', '16', '08:00:00', '10:30:00', '2021-06-07', '', NULL, NULL),
(113, 5, 8, 42, 7, 'TEORI', '1', '08:00:00', '10:30:00', '2021-02-22', '', NULL, NULL),
(114, 5, 8, 42, 7, 'TEORI', '2', '08:00:00', '10:30:00', '2021-03-01', '', NULL, NULL),
(115, 5, 8, 42, 7, 'TEORI', '3', '08:00:00', '10:30:00', '2021-03-08', '', NULL, NULL),
(116, 5, 8, 42, 7, 'TEORI', '4', '08:00:00', '10:30:00', '2021-03-15', '', NULL, NULL),
(117, 5, 8, 42, 7, 'TEORI', '5', '08:00:00', '10:30:00', '2021-03-22', '', NULL, NULL),
(118, 5, 8, 42, 7, 'TEORI', '6', '08:00:00', '10:30:00', '2021-03-29', '', NULL, NULL),
(119, 5, 8, 42, 7, 'TEORI', '7', '08:00:00', '10:30:00', '2021-04-05', '', NULL, NULL),
(120, 5, 8, 42, 7, 'TEORI', '8', '08:00:00', '10:30:00', '2021-04-12', '', NULL, NULL),
(121, 5, 8, 42, 7, 'TEORI', '9', '08:00:00', '10:30:00', '2021-04-19', '', NULL, NULL),
(122, 5, 8, 42, 7, 'TEORI', '10', '08:00:00', '10:30:00', '2021-04-26', '', NULL, NULL),
(123, 1, 8, 42, 7, 'TEORI', '11', '08:00:00', '10:30:00', '2021-05-03', '', NULL, NULL),
(124, 1, 8, 42, 7, 'TEORI', '12', '08:00:00', '10:30:00', '2021-05-10', '', NULL, NULL),
(125, 1, 8, 42, 7, 'TEORI', '13', '08:00:00', '10:30:00', '2021-05-17', '', NULL, NULL),
(126, 1, 8, 42, 7, 'TEORI', '14', '08:00:00', '10:30:00', '2021-05-24', '', NULL, NULL),
(127, 1, 8, 42, 7, 'TEORI', '15', '08:00:00', '10:30:00', '2021-05-31', '', NULL, NULL),
(128, 1, 8, 42, 7, 'TEORI', '16', '08:00:00', '10:30:00', '2021-06-07', '', NULL, NULL),
(129, 5, 9, 9, 8, 'TEORI', '1', '08:00:00', '09:40:00', '2021-02-22', '', NULL, NULL),
(130, 5, 9, 9, 8, 'TEORI', '2', '08:00:00', '09:40:00', '2021-03-01', '', NULL, NULL),
(131, 5, 9, 9, 8, 'TEORI', '3', '08:00:00', '09:40:00', '2021-03-08', '', NULL, NULL),
(132, 5, 9, 9, 8, 'TEORI', '4', '08:00:00', '09:40:00', '2021-03-15', '', NULL, NULL),
(133, 5, 9, 9, 8, 'TEORI', '5', '08:00:00', '09:40:00', '2021-03-22', '', NULL, NULL),
(134, 5, 9, 9, 8, 'TEORI', '6', '08:00:00', '09:40:00', '2021-03-29', '', NULL, NULL),
(135, 5, 9, 9, 8, 'TEORI', '7', '08:00:00', '09:40:00', '2021-04-05', '', NULL, NULL),
(136, 5, 9, 9, 8, 'TEORI', '8', '08:00:00', '09:40:00', '2021-04-12', '', NULL, NULL),
(137, 5, 9, 9, 8, 'TEORI', '9', '08:00:00', '09:40:00', '2021-04-19', '', NULL, NULL),
(138, 5, 9, 9, 8, 'TEORI', '10', '08:00:00', '09:40:00', '2021-04-26', '', NULL, NULL),
(139, 1, 9, 9, 8, 'TEORI', '11', '08:00:00', '09:40:00', '2021-05-03', '', NULL, NULL),
(140, 1, 9, 9, 8, 'TEORI', '12', '08:00:00', '09:40:00', '2021-05-10', '', NULL, NULL),
(141, 1, 9, 9, 8, 'TEORI', '13', '08:00:00', '09:40:00', '2021-05-17', '', NULL, NULL),
(142, 1, 9, 9, 8, 'TEORI', '14', '08:00:00', '09:40:00', '2021-05-24', '', NULL, NULL),
(143, 1, 9, 9, 8, 'TEORI', '15', '08:00:00', '09:40:00', '2021-05-31', '', NULL, NULL),
(144, 1, 9, 9, 8, 'TEORI', '16', '08:00:00', '09:40:00', '2021-06-07', '', NULL, NULL),
(145, 5, 10, 33, 9, 'TEORI', '1', '09:40:00', '12:10:00', '2021-02-22', '', NULL, NULL),
(146, 5, 10, 33, 9, 'TEORI', '2', '09:40:00', '12:10:00', '2021-03-01', '', NULL, NULL),
(147, 5, 10, 33, 9, 'TEORI', '3', '09:40:00', '12:10:00', '2021-03-08', '', NULL, NULL),
(148, 5, 10, 33, 9, 'TEORI', '4', '09:40:00', '12:10:00', '2021-03-15', '', NULL, NULL),
(149, 5, 10, 33, 9, 'TEORI', '5', '09:40:00', '12:10:00', '2021-03-22', '', NULL, NULL),
(150, 5, 10, 33, 9, 'TEORI', '6', '09:40:00', '12:10:00', '2021-03-29', '', NULL, NULL),
(151, 5, 10, 33, 9, 'TEORI', '7', '09:40:00', '12:10:00', '2021-04-05', '', NULL, NULL),
(152, 5, 10, 33, 9, 'TEORI', '8', '09:40:00', '12:10:00', '2021-04-12', '', NULL, NULL),
(153, 5, 10, 33, 9, 'TEORI', '9', '09:40:00', '12:10:00', '2021-04-19', '', NULL, NULL),
(154, 5, 10, 33, 9, 'TEORI', '10', '09:40:00', '12:10:00', '2021-04-26', '', NULL, NULL),
(155, 1, 10, 33, 9, 'TEORI', '11', '09:40:00', '12:10:00', '2021-05-03', '', NULL, NULL),
(156, 1, 10, 33, 9, 'TEORI', '12', '09:40:00', '12:10:00', '2021-05-10', '', NULL, NULL),
(157, 1, 10, 33, 9, 'TEORI', '13', '09:40:00', '12:10:00', '2021-05-17', '', NULL, NULL),
(158, 1, 10, 33, 9, 'TEORI', '14', '09:40:00', '12:10:00', '2021-05-24', '', NULL, NULL),
(159, 1, 10, 33, 9, 'TEORI', '15', '09:40:00', '12:10:00', '2021-05-31', '', NULL, NULL),
(160, 1, 10, 33, 9, 'TEORI', '16', '09:40:00', '12:10:00', '2021-06-07', '', NULL, NULL),
(161, 5, 11, 29, 10, 'TEORI', '1', '13:00:00', '14:40:00', '2021-02-22', '', NULL, NULL),
(162, 5, 11, 29, 10, 'TEORI', '2', '13:00:00', '14:40:00', '2021-03-01', '', NULL, NULL),
(163, 5, 11, 29, 10, 'TEORI', '3', '13:00:00', '14:40:00', '2021-03-08', '', NULL, NULL),
(164, 5, 11, 29, 10, 'TEORI', '4', '13:00:00', '14:40:00', '2021-03-15', '', NULL, NULL),
(165, 5, 11, 29, 10, 'TEORI', '5', '13:00:00', '14:40:00', '2021-03-22', '', NULL, NULL),
(166, 5, 11, 29, 10, 'TEORI', '6', '13:00:00', '14:40:00', '2021-03-29', '', NULL, NULL),
(167, 5, 11, 29, 10, 'TEORI', '7', '13:00:00', '14:40:00', '2021-04-05', '', NULL, NULL),
(168, 5, 11, 29, 10, 'TEORI', '8', '13:00:00', '14:40:00', '2021-04-12', '', NULL, NULL),
(169, 5, 11, 29, 10, 'TEORI', '9', '13:00:00', '14:40:00', '2021-04-19', '', NULL, NULL),
(170, 5, 11, 29, 10, 'TEORI', '10', '13:00:00', '14:40:00', '2021-04-26', '', NULL, NULL),
(171, 1, 11, 29, 10, 'TEORI', '11', '13:00:00', '14:40:00', '2021-05-03', '', NULL, NULL),
(172, 1, 11, 29, 10, 'TEORI', '12', '13:00:00', '14:40:00', '2021-05-10', '', NULL, NULL),
(173, 1, 11, 29, 10, 'TEORI', '13', '13:00:00', '14:40:00', '2021-05-17', '', NULL, NULL),
(174, 1, 11, 29, 10, 'TEORI', '14', '13:00:00', '14:40:00', '2021-05-24', '', NULL, NULL),
(175, 1, 11, 29, 10, 'TEORI', '15', '13:00:00', '14:40:00', '2021-05-31', '', NULL, NULL),
(176, 1, 11, 29, 10, 'TEORI', '16', '13:00:00', '14:40:00', '2021-06-07', '', NULL, NULL),
(177, 5, 12, 68, 11, 'TEORI', '1', '13:00:00', '15:30:00', '2021-02-22', '', NULL, NULL),
(178, 5, 12, 68, 11, 'TEORI', '2', '13:00:00', '15:30:00', '2021-03-01', '', NULL, NULL),
(179, 5, 12, 68, 11, 'TEORI', '3', '13:00:00', '15:30:00', '2021-03-08', '', NULL, NULL),
(180, 5, 12, 68, 11, 'TEORI', '4', '13:00:00', '15:30:00', '2021-03-15', '', NULL, NULL),
(181, 5, 12, 68, 11, 'TEORI', '5', '13:00:00', '15:30:00', '2021-03-22', '', NULL, NULL),
(182, 5, 12, 68, 11, 'TEORI', '6', '13:00:00', '15:30:00', '2021-03-29', '', NULL, NULL),
(183, 5, 12, 68, 11, 'TEORI', '7', '13:00:00', '15:30:00', '2021-04-05', '', NULL, NULL),
(184, 5, 12, 68, 11, 'TEORI', '8', '13:00:00', '15:30:00', '2021-04-12', '', NULL, NULL),
(185, 5, 12, 68, 11, 'TEORI', '9', '13:00:00', '15:30:00', '2021-04-19', '', NULL, NULL),
(186, 5, 12, 68, 11, 'TEORI', '10', '13:00:00', '15:30:00', '2021-04-26', '', NULL, NULL),
(187, 1, 12, 68, 11, 'TEORI', '11', '13:00:00', '15:30:00', '2021-05-03', '', NULL, NULL),
(188, 1, 12, 68, 11, 'TEORI', '12', '13:00:00', '15:30:00', '2021-05-10', '', NULL, NULL),
(189, 1, 12, 68, 11, 'TEORI', '13', '13:00:00', '15:30:00', '2021-05-17', '', NULL, NULL),
(190, 1, 12, 68, 11, 'TEORI', '14', '13:00:00', '15:30:00', '2021-05-24', '', NULL, NULL),
(191, 1, 12, 68, 11, 'TEORI', '15', '13:00:00', '15:30:00', '2021-05-31', '', NULL, NULL),
(192, 1, 12, 68, 11, 'TEORI', '16', '13:00:00', '15:30:00', '2021-06-07', '', NULL, NULL),
(193, 5, 13, 41, 12, 'TEORI', '1', '13:00:00', '15:30:00', '2021-02-22', '', NULL, NULL),
(194, 5, 13, 41, 12, 'TEORI', '2', '13:00:00', '15:30:00', '2021-03-01', '', NULL, NULL),
(195, 5, 13, 41, 12, 'TEORI', '3', '13:00:00', '15:30:00', '2021-03-08', '', NULL, NULL),
(196, 5, 13, 41, 12, 'TEORI', '4', '13:00:00', '15:30:00', '2021-03-15', '', NULL, NULL),
(197, 5, 13, 41, 12, 'TEORI', '5', '13:00:00', '15:30:00', '2021-03-22', '', NULL, NULL),
(198, 5, 13, 41, 12, 'TEORI', '6', '13:00:00', '15:30:00', '2021-03-29', '', NULL, NULL),
(199, 5, 13, 41, 12, 'TEORI', '7', '13:00:00', '15:30:00', '2021-04-05', '', NULL, NULL),
(200, 5, 13, 41, 12, 'TEORI', '8', '13:00:00', '15:30:00', '2021-04-12', '', NULL, NULL),
(201, 5, 13, 41, 12, 'TEORI', '9', '13:00:00', '15:30:00', '2021-04-19', '', NULL, NULL),
(202, 5, 13, 41, 12, 'TEORI', '10', '13:00:00', '15:30:00', '2021-04-26', '', NULL, NULL),
(203, 1, 13, 41, 12, 'TEORI', '11', '13:00:00', '15:30:00', '2021-05-03', '', NULL, NULL),
(204, 1, 13, 41, 12, 'TEORI', '12', '13:00:00', '15:30:00', '2021-05-10', '', NULL, NULL),
(205, 1, 13, 41, 12, 'TEORI', '13', '13:00:00', '15:30:00', '2021-05-17', '', NULL, NULL),
(206, 1, 13, 41, 12, 'TEORI', '14', '13:00:00', '15:30:00', '2021-05-24', '', NULL, NULL),
(207, 1, 13, 41, 12, 'TEORI', '15', '13:00:00', '15:30:00', '2021-05-31', '', NULL, NULL),
(208, 1, 13, 41, 12, 'TEORI', '16', '13:00:00', '15:30:00', '2021-06-07', '', NULL, NULL),
(209, 5, 14, 41, 12, 'LAB', '1', '16:00:00', '16:50:00', '2021-02-22', '', NULL, NULL),
(210, 5, 14, 41, 12, 'LAB', '2', '16:00:00', '16:50:00', '2021-03-01', '', NULL, NULL),
(211, 5, 14, 41, 12, 'LAB', '3', '16:00:00', '16:50:00', '2021-03-08', '', NULL, NULL),
(212, 5, 14, 41, 12, 'LAB', '4', '16:00:00', '16:50:00', '2021-03-15', '', NULL, NULL),
(213, 5, 14, 41, 12, 'LAB', '5', '16:00:00', '16:50:00', '2021-03-22', '', NULL, NULL),
(214, 5, 14, 41, 12, 'LAB', '6', '16:00:00', '16:50:00', '2021-03-29', '', NULL, NULL),
(215, 5, 14, 41, 12, 'LAB', '7', '16:00:00', '16:50:00', '2021-04-05', '', NULL, NULL),
(216, 5, 14, 41, 12, 'LAB', '8', '16:00:00', '16:50:00', '2021-04-12', '', NULL, NULL),
(217, 5, 14, 41, 12, 'LAB', '9', '16:00:00', '16:50:00', '2021-04-19', '', NULL, NULL),
(218, 5, 14, 41, 12, 'LAB', '10', '16:00:00', '16:50:00', '2021-04-26', '', NULL, NULL),
(219, 1, 14, 41, 12, 'LAB', '11', '16:00:00', '16:50:00', '2021-05-03', '', NULL, NULL),
(220, 1, 14, 41, 12, 'LAB', '12', '16:00:00', '16:50:00', '2021-05-10', '', NULL, NULL),
(221, 1, 14, 41, 12, 'LAB', '13', '16:00:00', '16:50:00', '2021-05-17', '', NULL, NULL),
(222, 1, 14, 41, 12, 'LAB', '14', '16:00:00', '16:50:00', '2021-05-24', '', NULL, NULL),
(223, 1, 14, 41, 12, 'LAB', '15', '16:00:00', '16:50:00', '2021-05-31', '', NULL, NULL),
(224, 1, 14, 41, 12, 'LAB', '16', '16:00:00', '16:50:00', '2021-06-07', '', NULL, NULL),
(225, 5, 15, 11, 2, 'TEORI', '1', '13:00:00', '15:30:00', '2021-02-22', '', NULL, NULL),
(226, 5, 15, 11, 2, 'TEORI', '2', '13:00:00', '15:30:00', '2021-03-01', '', NULL, NULL),
(227, 5, 15, 11, 2, 'TEORI', '3', '13:00:00', '15:30:00', '2021-03-08', '', NULL, NULL),
(228, 5, 15, 11, 2, 'TEORI', '4', '13:00:00', '15:30:00', '2021-03-15', '', NULL, NULL),
(229, 5, 15, 11, 2, 'TEORI', '5', '13:00:00', '15:30:00', '2021-03-22', '', NULL, NULL),
(230, 5, 15, 11, 2, 'TEORI', '6', '13:00:00', '15:30:00', '2021-03-29', '', NULL, NULL),
(231, 5, 15, 11, 2, 'TEORI', '7', '13:00:00', '15:30:00', '2021-04-05', '', NULL, NULL),
(232, 5, 15, 11, 2, 'TEORI', '8', '13:00:00', '15:30:00', '2021-04-12', '', NULL, NULL),
(233, 5, 15, 11, 2, 'TEORI', '9', '13:00:00', '15:30:00', '2021-04-19', '', NULL, NULL),
(234, 5, 15, 11, 2, 'TEORI', '10', '13:00:00', '15:30:00', '2021-04-26', '', NULL, NULL),
(235, 1, 15, 11, 2, 'TEORI', '11', '13:00:00', '15:30:00', '2021-05-03', '', NULL, NULL),
(236, 1, 15, 11, 2, 'TEORI', '12', '13:00:00', '15:30:00', '2021-05-10', '', NULL, NULL),
(237, 1, 15, 11, 2, 'TEORI', '13', '13:00:00', '15:30:00', '2021-05-17', '', NULL, NULL),
(238, 1, 15, 11, 2, 'TEORI', '14', '13:00:00', '15:30:00', '2021-05-24', '', NULL, NULL),
(239, 1, 15, 11, 2, 'TEORI', '15', '13:00:00', '15:30:00', '2021-05-31', '', NULL, NULL),
(240, 1, 15, 11, 2, 'TEORI', '16', '13:00:00', '15:30:00', '2021-06-07', '', NULL, NULL),
(241, 5, 16, 23, 3, 'TEORI', '1', '13:00:00', '15:30:00', '2021-02-22', '', NULL, NULL),
(242, 5, 16, 23, 3, 'TEORI', '2', '13:00:00', '15:30:00', '2021-03-01', '', NULL, NULL),
(243, 5, 16, 23, 3, 'TEORI', '3', '13:00:00', '15:30:00', '2021-03-08', '', NULL, NULL),
(244, 5, 16, 23, 3, 'TEORI', '4', '13:00:00', '15:30:00', '2021-03-15', '', NULL, NULL),
(245, 5, 16, 23, 3, 'TEORI', '5', '13:00:00', '15:30:00', '2021-03-22', '', NULL, NULL),
(246, 5, 16, 23, 3, 'TEORI', '6', '13:00:00', '15:30:00', '2021-03-29', '', NULL, NULL),
(247, 5, 16, 23, 3, 'TEORI', '7', '13:00:00', '15:30:00', '2021-04-05', '', NULL, NULL),
(248, 5, 16, 23, 3, 'TEORI', '8', '13:00:00', '15:30:00', '2021-04-12', '', NULL, NULL),
(249, 5, 16, 23, 3, 'TEORI', '9', '13:00:00', '15:30:00', '2021-04-19', '', NULL, NULL),
(250, 5, 16, 23, 3, 'TEORI', '10', '13:00:00', '15:30:00', '2021-04-26', '', NULL, NULL),
(251, 1, 16, 23, 3, 'TEORI', '11', '13:00:00', '15:30:00', '2021-05-03', '', NULL, NULL),
(252, 1, 16, 23, 3, 'TEORI', '12', '13:00:00', '15:30:00', '2021-05-10', '', NULL, NULL),
(253, 1, 16, 23, 3, 'TEORI', '13', '13:00:00', '15:30:00', '2021-05-17', '', NULL, NULL),
(254, 1, 16, 23, 3, 'TEORI', '14', '13:00:00', '15:30:00', '2021-05-24', '', NULL, NULL),
(255, 1, 16, 23, 3, 'TEORI', '15', '13:00:00', '15:30:00', '2021-05-31', '', NULL, NULL),
(256, 1, 16, 23, 3, 'TEORI', '16', '13:00:00', '15:30:00', '2021-06-07', '', NULL, NULL),
(257, 5, 17, 12, 4, 'TEORI', '1', '13:00:00', '15:30:00', '2021-02-22', '', NULL, NULL),
(258, 5, 17, 12, 4, 'TEORI', '2', '13:00:00', '15:30:00', '2021-03-01', '', NULL, NULL),
(259, 5, 17, 12, 4, 'TEORI', '3', '13:00:00', '15:30:00', '2021-03-08', '', NULL, NULL),
(260, 5, 17, 12, 4, 'TEORI', '4', '13:00:00', '15:30:00', '2021-03-15', '', NULL, NULL),
(261, 5, 17, 12, 4, 'TEORI', '5', '13:00:00', '15:30:00', '2021-03-22', '', NULL, NULL),
(262, 5, 17, 12, 4, 'TEORI', '6', '13:00:00', '15:30:00', '2021-03-29', '', NULL, NULL),
(263, 5, 17, 12, 4, 'TEORI', '7', '13:00:00', '15:30:00', '2021-04-05', '', NULL, NULL),
(264, 5, 17, 12, 4, 'TEORI', '8', '13:00:00', '15:30:00', '2021-04-12', '', NULL, NULL),
(265, 5, 17, 12, 4, 'TEORI', '9', '13:00:00', '15:30:00', '2021-04-19', '', NULL, NULL),
(266, 5, 17, 12, 4, 'TEORI', '10', '13:00:00', '15:30:00', '2021-04-26', '', NULL, NULL),
(267, 1, 17, 12, 4, 'TEORI', '11', '13:00:00', '15:30:00', '2021-05-03', '', NULL, NULL),
(268, 1, 17, 12, 4, 'TEORI', '12', '13:00:00', '15:30:00', '2021-05-10', '', NULL, NULL),
(269, 1, 17, 12, 4, 'TEORI', '13', '13:00:00', '15:30:00', '2021-05-17', '', NULL, NULL),
(270, 1, 17, 12, 4, 'TEORI', '14', '13:00:00', '15:30:00', '2021-05-24', '', NULL, NULL),
(271, 1, 17, 12, 4, 'TEORI', '15', '13:00:00', '15:30:00', '2021-05-31', '', NULL, NULL),
(272, 1, 17, 12, 4, 'TEORI', '16', '13:00:00', '15:30:00', '2021-06-07', '', NULL, NULL),
(273, 5, 18, 1, 5, 'TEORI', '1', '07:30:00', '09:10:00', '2021-02-23', '', NULL, NULL),
(274, 5, 18, 1, 5, 'TEORI', '2', '07:30:00', '09:10:00', '2021-03-02', '', NULL, NULL),
(275, 5, 18, 1, 5, 'TEORI', '3', '07:30:00', '09:10:00', '2021-03-09', '', NULL, NULL),
(276, 5, 18, 1, 5, 'TEORI', '4', '07:30:00', '09:10:00', '2021-03-16', '', NULL, NULL),
(277, 5, 18, 1, 5, 'TEORI', '5', '07:30:00', '09:10:00', '2021-03-23', '', NULL, NULL),
(278, 5, 18, 1, 5, 'TEORI', '6', '07:30:00', '09:10:00', '2021-03-30', '', NULL, NULL),
(279, 5, 18, 1, 5, 'TEORI', '7', '07:30:00', '09:10:00', '2021-04-06', '', NULL, NULL),
(280, 5, 18, 1, 5, 'TEORI', '8', '07:30:00', '09:10:00', '2021-04-13', '', NULL, NULL),
(281, 5, 18, 1, 5, 'TEORI', '9', '07:30:00', '09:10:00', '2021-04-20', '', NULL, NULL),
(282, 5, 18, 1, 5, 'TEORI', '10', '07:30:00', '09:10:00', '2021-04-27', '', NULL, NULL),
(283, 1, 18, 1, 5, 'TEORI', '11', '07:30:00', '09:10:00', '2021-05-04', '', NULL, NULL),
(284, 1, 18, 1, 5, 'TEORI', '12', '07:30:00', '09:10:00', '2021-05-11', '', NULL, NULL),
(285, 1, 18, 1, 5, 'TEORI', '13', '07:30:00', '09:10:00', '2021-05-18', '', NULL, NULL),
(286, 1, 18, 1, 5, 'TEORI', '14', '07:30:00', '09:10:00', '2021-05-25', '', NULL, NULL),
(287, 1, 18, 1, 5, 'TEORI', '15', '07:30:00', '09:10:00', '2021-06-01', '', NULL, NULL),
(288, 1, 18, 1, 5, 'TEORI', '16', '07:30:00', '09:10:00', '2021-06-08', '', NULL, NULL),
(289, 5, 19, 1, 5, 'LAB', '1', '09:40:00', '11:20:00', '2021-02-23', '', NULL, NULL),
(290, 5, 19, 1, 5, 'LAB', '2', '09:40:00', '11:20:00', '2021-03-02', '', NULL, NULL),
(291, 5, 19, 1, 5, 'LAB', '3', '09:40:00', '11:20:00', '2021-03-09', '', NULL, NULL),
(292, 5, 19, 1, 5, 'LAB', '4', '09:40:00', '11:20:00', '2021-03-16', '', NULL, NULL),
(293, 5, 19, 1, 5, 'LAB', '5', '09:40:00', '11:20:00', '2021-03-23', '', NULL, NULL),
(294, 5, 19, 1, 5, 'LAB', '6', '09:40:00', '11:20:00', '2021-03-30', '', NULL, NULL),
(295, 5, 19, 1, 5, 'LAB', '7', '09:40:00', '11:20:00', '2021-04-06', '', NULL, NULL),
(296, 5, 19, 1, 5, 'LAB', '8', '09:40:00', '11:20:00', '2021-04-13', '', NULL, NULL),
(297, 5, 19, 1, 5, 'LAB', '9', '09:40:00', '11:20:00', '2021-04-20', '', NULL, NULL),
(298, 5, 19, 1, 5, 'LAB', '10', '09:40:00', '11:20:00', '2021-04-27', '', NULL, NULL),
(299, 1, 19, 1, 5, 'LAB', '11', '09:40:00', '11:20:00', '2021-05-04', '', NULL, NULL),
(300, 1, 19, 1, 5, 'LAB', '12', '09:40:00', '11:20:00', '2021-05-11', '', NULL, NULL),
(301, 1, 19, 1, 5, 'LAB', '13', '09:40:00', '11:20:00', '2021-05-18', '', NULL, NULL),
(302, 1, 19, 1, 5, 'LAB', '14', '09:40:00', '11:20:00', '2021-05-25', '', NULL, NULL),
(303, 1, 19, 1, 5, 'LAB', '15', '09:40:00', '11:20:00', '2021-06-01', '', NULL, NULL),
(304, 1, 19, 1, 5, 'LAB', '16', '09:40:00', '11:20:00', '2021-06-08', '', NULL, NULL),
(305, 5, 20, 2, 7, 'TEORI', '1', '07:30:00', '10:00:00', '2021-02-23', '', NULL, NULL),
(306, 5, 20, 2, 7, 'TEORI', '2', '07:30:00', '10:00:00', '2021-03-02', '', NULL, NULL),
(307, 5, 20, 2, 7, 'TEORI', '3', '07:30:00', '10:00:00', '2021-03-09', '', NULL, NULL),
(308, 5, 20, 2, 7, 'TEORI', '4', '07:30:00', '10:00:00', '2021-03-16', '', NULL, NULL),
(309, 5, 20, 2, 7, 'TEORI', '5', '07:30:00', '10:00:00', '2021-03-23', '', NULL, NULL),
(310, 5, 20, 2, 7, 'TEORI', '6', '07:30:00', '10:00:00', '2021-03-30', '', NULL, NULL),
(311, 5, 20, 2, 7, 'TEORI', '7', '07:30:00', '10:00:00', '2021-04-06', '', NULL, NULL),
(312, 5, 20, 2, 7, 'TEORI', '8', '07:30:00', '10:00:00', '2021-04-13', '', NULL, NULL),
(313, 5, 20, 2, 7, 'TEORI', '9', '07:30:00', '10:00:00', '2021-04-20', '', NULL, NULL),
(314, 5, 20, 2, 7, 'TEORI', '10', '07:30:00', '10:00:00', '2021-04-27', '', NULL, NULL),
(315, 1, 20, 2, 7, 'TEORI', '11', '07:30:00', '10:00:00', '2021-05-04', '', NULL, NULL),
(316, 1, 20, 2, 7, 'TEORI', '12', '07:30:00', '10:00:00', '2021-05-11', '', NULL, NULL),
(317, 1, 20, 2, 7, 'TEORI', '13', '07:30:00', '10:00:00', '2021-05-18', '', NULL, NULL),
(318, 1, 20, 2, 7, 'TEORI', '14', '07:30:00', '10:00:00', '2021-05-25', '', NULL, NULL),
(319, 1, 20, 2, 7, 'TEORI', '15', '07:30:00', '10:00:00', '2021-06-01', '', NULL, NULL),
(320, 1, 20, 2, 7, 'TEORI', '16', '07:30:00', '10:00:00', '2021-06-08', '', NULL, NULL),
(321, 5, 21, 61, 8, 'TEORI', '1', '07:30:00', '10:00:00', '2021-02-23', '', NULL, NULL),
(322, 5, 21, 61, 8, 'TEORI', '2', '07:30:00', '10:00:00', '2021-03-02', '', NULL, NULL),
(323, 5, 21, 61, 8, 'TEORI', '3', '07:30:00', '10:00:00', '2021-03-09', '', NULL, NULL),
(324, 5, 21, 61, 8, 'TEORI', '4', '07:30:00', '10:00:00', '2021-03-16', '', NULL, NULL),
(325, 5, 21, 61, 8, 'TEORI', '5', '07:30:00', '10:00:00', '2021-03-23', '', NULL, NULL),
(326, 5, 21, 61, 8, 'TEORI', '6', '07:30:00', '10:00:00', '2021-03-30', '', NULL, NULL),
(327, 5, 21, 61, 8, 'TEORI', '7', '07:30:00', '10:00:00', '2021-04-06', '', NULL, NULL),
(328, 5, 21, 61, 8, 'TEORI', '8', '07:30:00', '10:00:00', '2021-04-13', '', NULL, NULL),
(329, 5, 21, 61, 8, 'TEORI', '9', '07:30:00', '10:00:00', '2021-04-20', '', NULL, NULL),
(330, 5, 21, 61, 8, 'TEORI', '10', '07:30:00', '10:00:00', '2021-04-27', '', NULL, NULL),
(331, 1, 21, 61, 8, 'TEORI', '11', '07:30:00', '10:00:00', '2021-05-04', '', NULL, NULL),
(332, 1, 21, 61, 8, 'TEORI', '12', '07:30:00', '10:00:00', '2021-05-11', '', NULL, NULL),
(333, 1, 21, 61, 8, 'TEORI', '13', '07:30:00', '10:00:00', '2021-05-18', '', NULL, NULL),
(334, 1, 21, 61, 8, 'TEORI', '14', '07:30:00', '10:00:00', '2021-05-25', '', NULL, NULL),
(335, 1, 21, 61, 8, 'TEORI', '15', '07:30:00', '10:00:00', '2021-06-01', '', NULL, NULL),
(336, 1, 21, 61, 8, 'TEORI', '16', '07:30:00', '10:00:00', '2021-06-08', '', NULL, NULL),
(337, 5, 22, 62, 9, 'TEORI', '1', '07:30:00', '10:00:00', '2021-02-23', '', NULL, NULL),
(338, 5, 22, 62, 9, 'TEORI', '2', '07:30:00', '10:00:00', '2021-03-02', '', NULL, NULL),
(339, 5, 22, 62, 9, 'TEORI', '3', '07:30:00', '10:00:00', '2021-03-09', '', NULL, NULL),
(340, 5, 22, 62, 9, 'TEORI', '4', '07:30:00', '10:00:00', '2021-03-16', '', NULL, NULL),
(341, 5, 22, 62, 9, 'TEORI', '5', '07:30:00', '10:00:00', '2021-03-23', '', NULL, NULL),
(342, 5, 22, 62, 9, 'TEORI', '6', '07:30:00', '10:00:00', '2021-03-30', '', NULL, NULL),
(343, 5, 22, 62, 9, 'TEORI', '7', '07:30:00', '10:00:00', '2021-04-06', '', NULL, NULL),
(344, 5, 22, 62, 9, 'TEORI', '8', '07:30:00', '10:00:00', '2021-04-13', '', NULL, NULL),
(345, 5, 22, 62, 9, 'TEORI', '9', '07:30:00', '10:00:00', '2021-04-20', '', NULL, NULL),
(346, 5, 22, 62, 9, 'TEORI', '10', '07:30:00', '10:00:00', '2021-04-27', '', NULL, NULL),
(347, 1, 22, 62, 9, 'TEORI', '11', '07:30:00', '10:00:00', '2021-05-04', '', NULL, NULL),
(348, 1, 22, 62, 9, 'TEORI', '12', '07:30:00', '10:00:00', '2021-05-11', '', NULL, NULL),
(349, 1, 22, 62, 9, 'TEORI', '13', '07:30:00', '10:00:00', '2021-05-18', '', NULL, NULL),
(350, 1, 22, 62, 9, 'TEORI', '14', '07:30:00', '10:00:00', '2021-05-25', '', NULL, NULL),
(351, 1, 22, 62, 9, 'TEORI', '15', '07:30:00', '10:00:00', '2021-06-01', '', NULL, NULL),
(352, 1, 22, 62, 9, 'TEORI', '16', '07:30:00', '10:00:00', '2021-06-08', '', NULL, NULL),
(353, 5, 23, 21, 10, 'TEORI', '1', '09:40:00', '12:10:00', '2021-02-23', '', NULL, NULL),
(354, 5, 23, 21, 10, 'TEORI', '2', '09:40:00', '12:10:00', '2021-03-02', '', NULL, NULL),
(355, 5, 23, 21, 10, 'TEORI', '3', '09:40:00', '12:10:00', '2021-03-09', '', NULL, NULL),
(356, 5, 23, 21, 10, 'TEORI', '4', '09:40:00', '12:10:00', '2021-03-16', '', NULL, NULL),
(357, 5, 23, 21, 10, 'TEORI', '5', '09:40:00', '12:10:00', '2021-03-23', '', NULL, NULL),
(358, 5, 23, 21, 10, 'TEORI', '6', '09:40:00', '12:10:00', '2021-03-30', '', NULL, NULL),
(359, 5, 23, 21, 10, 'TEORI', '7', '09:40:00', '12:10:00', '2021-04-06', '', NULL, NULL),
(360, 5, 23, 21, 10, 'TEORI', '8', '09:40:00', '12:10:00', '2021-04-13', '', NULL, NULL),
(361, 5, 23, 21, 10, 'TEORI', '9', '09:40:00', '12:10:00', '2021-04-20', '', NULL, NULL),
(362, 5, 23, 21, 10, 'TEORI', '10', '09:40:00', '12:10:00', '2021-04-27', '', NULL, NULL),
(363, 1, 23, 21, 10, 'TEORI', '11', '09:40:00', '12:10:00', '2021-05-04', '', NULL, NULL),
(364, 1, 23, 21, 10, 'TEORI', '12', '09:40:00', '12:10:00', '2021-05-11', '', NULL, NULL),
(365, 1, 23, 21, 10, 'TEORI', '13', '09:40:00', '12:10:00', '2021-05-18', '', NULL, NULL),
(366, 1, 23, 21, 10, 'TEORI', '14', '09:40:00', '12:10:00', '2021-05-25', '', NULL, NULL),
(367, 1, 23, 21, 10, 'TEORI', '15', '09:40:00', '12:10:00', '2021-06-01', '', NULL, NULL),
(368, 1, 23, 21, 10, 'TEORI', '16', '09:40:00', '12:10:00', '2021-06-08', '', NULL, NULL),
(369, 5, 24, 44, 11, 'TEORI', '1', '10:30:00', '13:00:00', '2021-02-23', '', NULL, NULL),
(370, 5, 24, 44, 11, 'TEORI', '2', '10:30:00', '13:00:00', '2021-03-02', '', NULL, NULL),
(371, 5, 24, 44, 11, 'TEORI', '3', '10:30:00', '13:00:00', '2021-03-09', '', NULL, NULL),
(372, 5, 24, 44, 11, 'TEORI', '4', '10:30:00', '13:00:00', '2021-03-16', '', NULL, NULL),
(373, 5, 24, 44, 11, 'TEORI', '5', '10:30:00', '13:00:00', '2021-03-23', '', NULL, NULL),
(374, 5, 24, 44, 11, 'TEORI', '6', '10:30:00', '13:00:00', '2021-03-30', '', NULL, NULL),
(375, 5, 24, 44, 11, 'TEORI', '7', '10:30:00', '13:00:00', '2021-04-06', '', NULL, NULL),
(376, 5, 24, 44, 11, 'TEORI', '8', '10:30:00', '13:00:00', '2021-04-13', '', NULL, NULL),
(377, 5, 24, 44, 11, 'TEORI', '9', '10:30:00', '13:00:00', '2021-04-20', '', NULL, NULL),
(378, 5, 24, 44, 11, 'TEORI', '10', '10:30:00', '13:00:00', '2021-04-27', '', NULL, NULL),
(379, 1, 24, 44, 11, 'TEORI', '11', '10:30:00', '13:00:00', '2021-05-04', '', NULL, NULL),
(380, 1, 24, 44, 11, 'TEORI', '12', '10:30:00', '13:00:00', '2021-05-11', '', NULL, NULL),
(381, 1, 24, 44, 11, 'TEORI', '13', '10:30:00', '13:00:00', '2021-05-18', '', NULL, NULL),
(382, 1, 24, 44, 11, 'TEORI', '14', '10:30:00', '13:00:00', '2021-05-25', '', NULL, NULL),
(383, 1, 24, 44, 11, 'TEORI', '15', '10:30:00', '13:00:00', '2021-06-01', '', NULL, NULL),
(384, 1, 24, 44, 11, 'TEORI', '16', '10:30:00', '13:00:00', '2021-06-08', '', NULL, NULL),
(385, 5, 25, 3, 12, 'TEORI', '1', '10:30:00', '13:00:00', '2021-02-23', '', NULL, NULL),
(386, 5, 25, 3, 12, 'TEORI', '2', '10:30:00', '13:00:00', '2021-03-02', '', NULL, NULL),
(387, 5, 25, 3, 12, 'TEORI', '3', '10:30:00', '13:00:00', '2021-03-09', '', NULL, NULL),
(388, 5, 25, 3, 12, 'TEORI', '4', '10:30:00', '13:00:00', '2021-03-16', '', NULL, NULL),
(389, 5, 25, 3, 12, 'TEORI', '5', '10:30:00', '13:00:00', '2021-03-23', '', NULL, NULL),
(390, 5, 25, 3, 12, 'TEORI', '6', '10:30:00', '13:00:00', '2021-03-30', '', NULL, NULL),
(391, 5, 25, 3, 12, 'TEORI', '7', '10:30:00', '13:00:00', '2021-04-06', '', NULL, NULL),
(392, 5, 25, 3, 12, 'TEORI', '8', '10:30:00', '13:00:00', '2021-04-13', '', NULL, NULL),
(393, 5, 25, 3, 12, 'TEORI', '9', '10:30:00', '13:00:00', '2021-04-20', '', NULL, NULL),
(394, 5, 25, 3, 12, 'TEORI', '10', '10:30:00', '13:00:00', '2021-04-27', '', NULL, NULL),
(395, 1, 25, 3, 12, 'TEORI', '11', '10:30:00', '13:00:00', '2021-05-04', '', NULL, NULL),
(396, 1, 25, 3, 12, 'TEORI', '12', '10:30:00', '13:00:00', '2021-05-11', '', NULL, NULL),
(397, 1, 25, 3, 12, 'TEORI', '13', '10:30:00', '13:00:00', '2021-05-18', '', NULL, NULL),
(398, 1, 25, 3, 12, 'TEORI', '14', '10:30:00', '13:00:00', '2021-05-25', '', NULL, NULL),
(399, 1, 25, 3, 12, 'TEORI', '15', '10:30:00', '13:00:00', '2021-06-01', '', NULL, NULL),
(400, 1, 25, 3, 12, 'TEORI', '16', '10:30:00', '13:00:00', '2021-06-08', '', NULL, NULL),
(401, 5, 26, 36, 1, 'TEORI', '1', '13:30:00', '16:00:00', '2021-02-23', '', NULL, NULL),
(402, 5, 26, 36, 1, 'TEORI', '2', '13:30:00', '16:00:00', '2021-03-02', '', NULL, NULL),
(403, 5, 26, 36, 1, 'TEORI', '3', '13:30:00', '16:00:00', '2021-03-09', '', NULL, NULL),
(404, 5, 26, 36, 1, 'TEORI', '4', '13:30:00', '16:00:00', '2021-03-16', '', NULL, NULL),
(405, 5, 26, 36, 1, 'TEORI', '5', '13:30:00', '16:00:00', '2021-03-23', '', NULL, NULL),
(406, 5, 26, 36, 1, 'TEORI', '6', '13:30:00', '16:00:00', '2021-03-30', '', NULL, NULL),
(407, 5, 26, 36, 1, 'TEORI', '7', '13:30:00', '16:00:00', '2021-04-06', '', NULL, NULL),
(408, 5, 26, 36, 1, 'TEORI', '8', '13:30:00', '16:00:00', '2021-04-13', '', NULL, NULL),
(409, 5, 26, 36, 1, 'TEORI', '9', '13:30:00', '16:00:00', '2021-04-20', '', NULL, NULL),
(410, 5, 26, 36, 1, 'TEORI', '10', '13:30:00', '16:00:00', '2021-04-27', '', NULL, NULL),
(411, 3, 26, 36, 1, 'TEORI', '11', '13:30:00', '16:00:00', '2021-05-04', '', NULL, NULL),
(412, 1, 26, 36, 1, 'TEORI', '12', '13:30:00', '16:00:00', '2021-05-11', '', NULL, NULL),
(413, 1, 26, 36, 1, 'TEORI', '13', '13:30:00', '16:00:00', '2021-05-18', '', NULL, NULL),
(414, 1, 26, 36, 1, 'TEORI', '14', '13:30:00', '16:00:00', '2021-05-25', '', NULL, NULL),
(415, 1, 26, 36, 1, 'TEORI', '15', '13:30:00', '16:00:00', '2021-06-01', '', NULL, NULL),
(416, 1, 26, 36, 1, 'TEORI', '16', '13:30:00', '16:00:00', '2021-06-08', '', NULL, NULL),
(417, 5, 27, 32, 2, 'TEORI', '1', '13:30:00', '16:00:00', '2021-02-23', '', NULL, NULL),
(418, 5, 27, 32, 2, 'TEORI', '2', '13:30:00', '16:00:00', '2021-03-02', '', NULL, NULL),
(419, 5, 27, 32, 2, 'TEORI', '3', '13:30:00', '16:00:00', '2021-03-09', '', NULL, NULL),
(420, 5, 27, 32, 2, 'TEORI', '4', '13:30:00', '16:00:00', '2021-03-16', '', NULL, NULL),
(421, 5, 27, 32, 2, 'TEORI', '5', '13:30:00', '16:00:00', '2021-03-23', '', NULL, NULL),
(422, 5, 27, 32, 2, 'TEORI', '6', '13:30:00', '16:00:00', '2021-03-30', '', NULL, NULL),
(423, 5, 27, 32, 2, 'TEORI', '7', '13:30:00', '16:00:00', '2021-04-06', '', NULL, NULL),
(424, 5, 27, 32, 2, 'TEORI', '8', '13:30:00', '16:00:00', '2021-04-13', '', NULL, NULL),
(425, 5, 27, 32, 2, 'TEORI', '9', '13:30:00', '16:00:00', '2021-04-20', '', NULL, NULL),
(426, 5, 27, 32, 2, 'TEORI', '10', '13:30:00', '16:00:00', '2021-04-27', '', NULL, NULL),
(427, 1, 27, 32, 2, 'TEORI', '11', '13:30:00', '16:00:00', '2021-05-04', '', NULL, NULL),
(428, 1, 27, 32, 2, 'TEORI', '12', '13:30:00', '16:00:00', '2021-05-11', '', NULL, NULL),
(429, 1, 27, 32, 2, 'TEORI', '13', '13:30:00', '16:00:00', '2021-05-18', '', NULL, NULL),
(430, 1, 27, 32, 2, 'TEORI', '14', '13:30:00', '16:00:00', '2021-05-25', '', NULL, NULL),
(431, 1, 27, 32, 2, 'TEORI', '15', '13:30:00', '16:00:00', '2021-06-01', '', NULL, NULL),
(432, 1, 27, 32, 2, 'TEORI', '16', '13:30:00', '16:00:00', '2021-06-08', '', NULL, NULL),
(433, 5, 28, 6, 3, 'TEORI', '1', '13:30:00', '16:00:00', '2021-02-23', '', NULL, NULL),
(434, 5, 28, 6, 3, 'TEORI', '2', '13:30:00', '16:00:00', '2021-03-02', '', NULL, NULL),
(435, 5, 28, 6, 3, 'TEORI', '3', '13:30:00', '16:00:00', '2021-03-09', '', NULL, NULL),
(436, 5, 28, 6, 3, 'TEORI', '4', '13:30:00', '16:00:00', '2021-03-16', '', NULL, NULL),
(437, 5, 28, 6, 3, 'TEORI', '5', '13:30:00', '16:00:00', '2021-03-23', '', NULL, NULL),
(438, 5, 28, 6, 3, 'TEORI', '6', '13:30:00', '16:00:00', '2021-03-30', '', NULL, NULL),
(439, 5, 28, 6, 3, 'TEORI', '7', '13:30:00', '16:00:00', '2021-04-06', '', NULL, NULL),
(440, 5, 28, 6, 3, 'TEORI', '8', '13:30:00', '16:00:00', '2021-04-13', '', NULL, NULL),
(441, 5, 28, 6, 3, 'TEORI', '9', '13:30:00', '16:00:00', '2021-04-20', '', NULL, NULL),
(442, 5, 28, 6, 3, 'TEORI', '10', '13:30:00', '16:00:00', '2021-04-27', '', NULL, NULL),
(443, 1, 28, 6, 3, 'TEORI', '11', '13:30:00', '16:00:00', '2021-05-04', '', NULL, NULL),
(444, 1, 28, 6, 3, 'TEORI', '12', '13:30:00', '16:00:00', '2021-05-11', '', NULL, NULL),
(445, 1, 28, 6, 3, 'TEORI', '13', '13:30:00', '16:00:00', '2021-05-18', '', NULL, NULL),
(446, 1, 28, 6, 3, 'TEORI', '14', '13:30:00', '16:00:00', '2021-05-25', '', NULL, NULL),
(447, 1, 28, 6, 3, 'TEORI', '15', '13:30:00', '16:00:00', '2021-06-01', '', NULL, NULL),
(448, 1, 28, 6, 3, 'TEORI', '16', '13:30:00', '16:00:00', '2021-06-08', '', NULL, NULL),
(449, 5, 29, 67, 4, 'TEORI', '1', '13:30:00', '16:00:00', '2021-02-23', '', NULL, NULL),
(450, 5, 29, 67, 4, 'TEORI', '2', '13:30:00', '16:00:00', '2021-03-02', '', NULL, NULL),
(451, 5, 29, 67, 4, 'TEORI', '3', '13:30:00', '16:00:00', '2021-03-09', '', NULL, NULL),
(452, 5, 29, 67, 4, 'TEORI', '4', '13:30:00', '16:00:00', '2021-03-16', '', NULL, NULL),
(453, 5, 29, 67, 4, 'TEORI', '5', '13:30:00', '16:00:00', '2021-03-23', '', NULL, NULL),
(454, 5, 29, 67, 4, 'TEORI', '6', '13:30:00', '16:00:00', '2021-03-30', '', NULL, NULL),
(455, 5, 29, 67, 4, 'TEORI', '7', '13:30:00', '16:00:00', '2021-04-06', '', NULL, NULL),
(456, 5, 29, 67, 4, 'TEORI', '8', '13:30:00', '16:00:00', '2021-04-13', '', NULL, NULL),
(457, 5, 29, 67, 4, 'TEORI', '9', '13:30:00', '16:00:00', '2021-04-20', '', NULL, NULL),
(458, 5, 29, 67, 4, 'TEORI', '10', '13:30:00', '16:00:00', '2021-04-27', '', NULL, NULL),
(459, 1, 29, 67, 4, 'TEORI', '11', '13:30:00', '16:00:00', '2021-05-04', '', NULL, NULL),
(460, 1, 29, 67, 4, 'TEORI', '12', '13:30:00', '16:00:00', '2021-05-11', '', NULL, NULL),
(461, 1, 29, 67, 4, 'TEORI', '13', '13:30:00', '16:00:00', '2021-05-18', '', NULL, NULL),
(462, 1, 29, 67, 4, 'TEORI', '14', '13:30:00', '16:00:00', '2021-05-25', '', NULL, NULL),
(463, 1, 29, 67, 4, 'TEORI', '15', '13:30:00', '16:00:00', '2021-06-01', '', NULL, NULL),
(464, 1, 29, 67, 4, 'TEORI', '16', '13:30:00', '16:00:00', '2021-06-08', '', NULL, NULL),
(465, 5, 30, 31, 5, 'TEORI', '1', '07:30:00', '09:10:00', '2021-02-24', '', NULL, NULL),
(466, 5, 30, 31, 5, 'TEORI', '2', '07:30:00', '09:10:00', '2021-03-03', '', NULL, NULL),
(467, 5, 30, 31, 5, 'TEORI', '3', '07:30:00', '09:10:00', '2021-03-10', '', NULL, NULL),
(468, 5, 30, 31, 5, 'TEORI', '4', '07:30:00', '09:10:00', '2021-03-17', '', NULL, NULL),
(469, 5, 30, 31, 5, 'TEORI', '5', '07:30:00', '09:10:00', '2021-03-24', '', NULL, NULL),
(470, 5, 30, 31, 5, 'TEORI', '6', '07:30:00', '09:10:00', '2021-03-31', '', NULL, NULL),
(471, 5, 30, 31, 5, 'TEORI', '7', '07:30:00', '09:10:00', '2021-04-07', '', NULL, NULL),
(472, 5, 30, 31, 5, 'TEORI', '8', '07:30:00', '09:10:00', '2021-04-14', '', NULL, NULL),
(473, 5, 30, 31, 5, 'TEORI', '9', '07:30:00', '09:10:00', '2021-04-21', '', NULL, NULL),
(474, 5, 30, 31, 5, 'TEORI', '10', '07:30:00', '09:10:00', '2021-04-28', '', NULL, NULL),
(475, 1, 30, 31, 5, 'TEORI', '11', '07:30:00', '09:10:00', '2021-05-05', '', NULL, NULL),
(476, 1, 30, 31, 5, 'TEORI', '12', '07:30:00', '09:10:00', '2021-05-12', '', NULL, NULL),
(477, 1, 30, 31, 5, 'TEORI', '13', '07:30:00', '09:10:00', '2021-05-19', '', NULL, NULL),
(478, 1, 30, 31, 5, 'TEORI', '14', '07:30:00', '09:10:00', '2021-05-26', '', NULL, NULL),
(479, 1, 30, 31, 5, 'TEORI', '15', '07:30:00', '09:10:00', '2021-06-02', '', NULL, NULL),
(480, 1, 30, 31, 5, 'TEORI', '16', '07:30:00', '09:10:00', '2021-06-09', '', NULL, NULL),
(481, 5, 31, 31, 5, 'LAB', '1', '09:40:00', '11:20:00', '2021-02-24', '', NULL, NULL),
(482, 5, 31, 31, 5, 'LAB', '2', '09:40:00', '11:20:00', '2021-03-03', '', NULL, NULL),
(483, 5, 31, 31, 5, 'LAB', '3', '09:40:00', '11:20:00', '2021-03-10', '', NULL, NULL),
(484, 5, 31, 31, 5, 'LAB', '4', '09:40:00', '11:20:00', '2021-03-17', '', NULL, NULL),
(485, 5, 31, 31, 5, 'LAB', '5', '09:40:00', '11:20:00', '2021-03-24', '', NULL, NULL),
(486, 5, 31, 31, 5, 'LAB', '6', '09:40:00', '11:20:00', '2021-03-31', '', NULL, NULL),
(487, 5, 31, 31, 5, 'LAB', '7', '09:40:00', '11:20:00', '2021-04-07', '', NULL, NULL),
(488, 5, 31, 31, 5, 'LAB', '8', '09:40:00', '11:20:00', '2021-04-14', '', NULL, NULL),
(489, 5, 31, 31, 5, 'LAB', '9', '09:40:00', '11:20:00', '2021-04-21', '', NULL, NULL),
(490, 5, 31, 31, 5, 'LAB', '10', '09:40:00', '11:20:00', '2021-04-28', '', NULL, NULL),
(491, 1, 31, 31, 5, 'LAB', '11', '09:40:00', '11:20:00', '2021-05-05', '', NULL, NULL),
(492, 1, 31, 31, 5, 'LAB', '12', '09:40:00', '11:20:00', '2021-05-12', '', NULL, NULL),
(493, 1, 31, 31, 5, 'LAB', '13', '09:40:00', '11:20:00', '2021-05-19', '', NULL, NULL),
(494, 1, 31, 31, 5, 'LAB', '14', '09:40:00', '11:20:00', '2021-05-26', '', NULL, NULL),
(495, 1, 31, 31, 5, 'LAB', '15', '09:40:00', '11:20:00', '2021-06-02', '', NULL, NULL),
(496, 1, 31, 31, 5, 'LAB', '16', '09:40:00', '11:20:00', '2021-06-09', '', NULL, NULL),
(497, 5, 32, 5, 7, 'TEORI', '1', '08:00:00', '10:30:00', '2021-02-24', '', NULL, NULL),
(498, 5, 32, 5, 7, 'TEORI', '2', '08:00:00', '10:30:00', '2021-03-03', '', NULL, NULL),
(499, 5, 32, 5, 7, 'TEORI', '3', '08:00:00', '10:30:00', '2021-03-10', '', NULL, NULL),
(500, 5, 32, 5, 7, 'TEORI', '4', '08:00:00', '10:30:00', '2021-03-17', '', NULL, NULL),
(501, 5, 32, 5, 7, 'TEORI', '5', '08:00:00', '10:30:00', '2021-03-24', '', NULL, NULL),
(502, 5, 32, 5, 7, 'TEORI', '6', '08:00:00', '10:30:00', '2021-03-31', '', NULL, NULL),
(503, 5, 32, 5, 7, 'TEORI', '7', '08:00:00', '10:30:00', '2021-04-07', '', NULL, NULL),
(504, 5, 32, 5, 7, 'TEORI', '8', '08:00:00', '10:30:00', '2021-04-14', '', NULL, NULL),
(505, 5, 32, 5, 7, 'TEORI', '9', '08:00:00', '10:30:00', '2021-04-21', '', NULL, NULL),
(506, 5, 32, 5, 7, 'TEORI', '10', '08:00:00', '10:30:00', '2021-04-28', '', NULL, NULL),
(507, 1, 32, 5, 7, 'TEORI', '11', '08:00:00', '10:30:00', '2021-05-05', '', NULL, NULL),
(508, 1, 32, 5, 7, 'TEORI', '12', '08:00:00', '10:30:00', '2021-05-12', '', NULL, NULL),
(509, 1, 32, 5, 7, 'TEORI', '13', '08:00:00', '10:30:00', '2021-05-19', '', NULL, NULL),
(510, 1, 32, 5, 7, 'TEORI', '14', '08:00:00', '10:30:00', '2021-05-26', '', NULL, NULL),
(511, 1, 32, 5, 7, 'TEORI', '15', '08:00:00', '10:30:00', '2021-06-02', '', NULL, NULL),
(512, 1, 32, 5, 7, 'TEORI', '16', '08:00:00', '10:30:00', '2021-06-09', '', NULL, NULL),
(513, 5, 33, 30, 8, 'TEORI', '1', '08:00:00', '09:40:00', '2021-02-24', '', NULL, NULL),
(514, 5, 33, 30, 8, 'TEORI', '2', '08:00:00', '09:40:00', '2021-03-03', '', NULL, NULL),
(515, 5, 33, 30, 8, 'TEORI', '3', '08:00:00', '09:40:00', '2021-03-10', '', NULL, NULL),
(516, 5, 33, 30, 8, 'TEORI', '4', '08:00:00', '09:40:00', '2021-03-17', '', NULL, NULL),
(517, 5, 33, 30, 8, 'TEORI', '5', '08:00:00', '09:40:00', '2021-03-24', '', NULL, NULL),
(518, 5, 33, 30, 8, 'TEORI', '6', '08:00:00', '09:40:00', '2021-03-31', '', NULL, NULL),
(519, 5, 33, 30, 8, 'TEORI', '7', '08:00:00', '09:40:00', '2021-04-07', '', NULL, NULL),
(520, 5, 33, 30, 8, 'TEORI', '8', '08:00:00', '09:40:00', '2021-04-14', '', NULL, NULL),
(521, 5, 33, 30, 8, 'TEORI', '9', '08:00:00', '09:40:00', '2021-04-21', '', NULL, NULL),
(522, 5, 33, 30, 8, 'TEORI', '10', '08:00:00', '09:40:00', '2021-04-28', '', NULL, NULL),
(523, 1, 33, 30, 8, 'TEORI', '11', '08:00:00', '09:40:00', '2021-05-05', '', NULL, NULL),
(524, 1, 33, 30, 8, 'TEORI', '12', '08:00:00', '09:40:00', '2021-05-12', '', NULL, NULL),
(525, 1, 33, 30, 8, 'TEORI', '13', '08:00:00', '09:40:00', '2021-05-19', '', NULL, NULL),
(526, 1, 33, 30, 8, 'TEORI', '14', '08:00:00', '09:40:00', '2021-05-26', '', NULL, NULL),
(527, 1, 33, 30, 8, 'TEORI', '15', '08:00:00', '09:40:00', '2021-06-02', '', NULL, NULL),
(528, 1, 33, 30, 8, 'TEORI', '16', '08:00:00', '09:40:00', '2021-06-09', '', NULL, NULL),
(529, 5, 34, 30, 8, 'LAB', '1', '10:00:00', '11:40:00', '2021-02-24', '', NULL, NULL),
(530, 5, 34, 30, 8, 'LAB', '2', '10:00:00', '11:40:00', '2021-03-03', '', NULL, NULL),
(531, 5, 34, 30, 8, 'LAB', '3', '10:00:00', '11:40:00', '2021-03-10', '', NULL, NULL),
(532, 5, 34, 30, 8, 'LAB', '4', '10:00:00', '11:40:00', '2021-03-17', '', NULL, NULL),
(533, 5, 34, 30, 8, 'LAB', '5', '10:00:00', '11:40:00', '2021-03-24', '', NULL, NULL),
(534, 5, 34, 30, 8, 'LAB', '6', '10:00:00', '11:40:00', '2021-03-31', '', NULL, NULL),
(535, 5, 34, 30, 8, 'LAB', '7', '10:00:00', '11:40:00', '2021-04-07', '', NULL, NULL),
(536, 5, 34, 30, 8, 'LAB', '8', '10:00:00', '11:40:00', '2021-04-14', '', NULL, NULL),
(537, 5, 34, 30, 8, 'LAB', '9', '10:00:00', '11:40:00', '2021-04-21', '', NULL, NULL),
(538, 5, 34, 30, 8, 'LAB', '10', '10:00:00', '11:40:00', '2021-04-28', '', NULL, NULL),
(539, 1, 34, 30, 8, 'LAB', '11', '10:00:00', '11:40:00', '2021-05-05', '', NULL, NULL),
(540, 1, 34, 30, 8, 'LAB', '12', '10:00:00', '11:40:00', '2021-05-12', '', NULL, NULL),
(541, 1, 34, 30, 8, 'LAB', '13', '10:00:00', '11:40:00', '2021-05-19', '', NULL, NULL),
(542, 1, 34, 30, 8, 'LAB', '14', '10:00:00', '11:40:00', '2021-05-26', '', NULL, NULL),
(543, 1, 34, 30, 8, 'LAB', '15', '10:00:00', '11:40:00', '2021-06-02', '', NULL, NULL),
(544, 1, 34, 30, 8, 'LAB', '16', '10:00:00', '11:40:00', '2021-06-09', '', NULL, NULL),
(545, 5, 35, 66, 10, 'TEORI', '1', '08:00:00', '10:30:00', '2021-02-24', '', NULL, NULL),
(546, 5, 35, 66, 10, 'TEORI', '2', '08:00:00', '10:30:00', '2021-03-03', '', NULL, NULL),
(547, 5, 35, 66, 10, 'TEORI', '3', '08:00:00', '10:30:00', '2021-03-10', '', NULL, NULL),
(548, 5, 35, 66, 10, 'TEORI', '4', '08:00:00', '10:30:00', '2021-03-17', '', NULL, NULL),
(549, 5, 35, 66, 10, 'TEORI', '5', '08:00:00', '10:30:00', '2021-03-24', '', NULL, NULL),
(550, 5, 35, 66, 10, 'TEORI', '6', '08:00:00', '10:30:00', '2021-03-31', '', NULL, NULL),
(551, 5, 35, 66, 10, 'TEORI', '7', '08:00:00', '10:30:00', '2021-04-07', '', NULL, NULL),
(552, 5, 35, 66, 10, 'TEORI', '8', '08:00:00', '10:30:00', '2021-04-14', '', NULL, NULL),
(553, 5, 35, 66, 10, 'TEORI', '9', '08:00:00', '10:30:00', '2021-04-21', '', NULL, NULL),
(554, 5, 35, 66, 10, 'TEORI', '10', '08:00:00', '10:30:00', '2021-04-28', '', NULL, NULL),
(555, 1, 35, 66, 10, 'TEORI', '11', '08:00:00', '10:30:00', '2021-05-05', '', NULL, NULL),
(556, 1, 35, 66, 10, 'TEORI', '12', '08:00:00', '10:30:00', '2021-05-12', '', NULL, NULL),
(557, 1, 35, 66, 10, 'TEORI', '13', '08:00:00', '10:30:00', '2021-05-19', '', NULL, NULL),
(558, 1, 35, 66, 10, 'TEORI', '14', '08:00:00', '10:30:00', '2021-05-26', '', NULL, NULL),
(559, 1, 35, 66, 10, 'TEORI', '15', '08:00:00', '10:30:00', '2021-06-02', '', NULL, NULL),
(560, 1, 35, 66, 10, 'TEORI', '16', '08:00:00', '10:30:00', '2021-06-09', '', NULL, NULL),
(561, 5, 36, 60, 11, 'TEORI', '1', '08:20:00', '10:50:00', '2021-02-24', '', NULL, NULL),
(562, 5, 36, 60, 11, 'TEORI', '2', '08:20:00', '10:50:00', '2021-03-03', '', NULL, NULL),
(563, 5, 36, 60, 11, 'TEORI', '3', '08:20:00', '10:50:00', '2021-03-10', '', NULL, NULL),
(564, 5, 36, 60, 11, 'TEORI', '4', '08:20:00', '10:50:00', '2021-03-17', '', NULL, NULL),
(565, 5, 36, 60, 11, 'TEORI', '5', '08:20:00', '10:50:00', '2021-03-24', '', NULL, NULL),
(566, 5, 36, 60, 11, 'TEORI', '6', '08:20:00', '10:50:00', '2021-03-31', '', NULL, NULL),
(567, 5, 36, 60, 11, 'TEORI', '7', '08:20:00', '10:50:00', '2021-04-07', '', NULL, NULL),
(568, 5, 36, 60, 11, 'TEORI', '8', '08:20:00', '10:50:00', '2021-04-14', '', NULL, NULL),
(569, 5, 36, 60, 11, 'TEORI', '9', '08:20:00', '10:50:00', '2021-04-21', '', NULL, NULL),
(570, 5, 36, 60, 11, 'TEORI', '10', '08:20:00', '10:50:00', '2021-04-28', '', NULL, NULL),
(571, 1, 36, 60, 11, 'TEORI', '11', '08:20:00', '10:50:00', '2021-05-05', '', NULL, NULL),
(572, 1, 36, 60, 11, 'TEORI', '12', '08:20:00', '10:50:00', '2021-05-12', '', NULL, NULL),
(573, 1, 36, 60, 11, 'TEORI', '13', '08:20:00', '10:50:00', '2021-05-19', '', NULL, NULL);
INSERT INTO `sesi_kelas` (`id`, `id_status`, `id_jadwal`, `id_matkul`, `id_ruang`, `jenis_kelas`, `sesi`, `waktu_mulai`, `waktu_selesai`, `tanggal`, `remarks`, `created_at`, `updated_at`) VALUES
(574, 1, 36, 60, 11, 'TEORI', '14', '08:20:00', '10:50:00', '2021-05-26', '', NULL, NULL),
(575, 1, 36, 60, 11, 'TEORI', '15', '08:20:00', '10:50:00', '2021-06-02', '', NULL, NULL),
(576, 1, 36, 60, 11, 'TEORI', '16', '08:20:00', '10:50:00', '2021-06-09', '', NULL, NULL),
(577, 5, 37, 38, 12, 'TEORI', '1', '13:00:00', '15:30:00', '2021-02-24', '', NULL, NULL),
(578, 5, 37, 38, 12, 'TEORI', '2', '13:00:00', '15:30:00', '2021-03-03', '', NULL, NULL),
(579, 5, 37, 38, 12, 'TEORI', '3', '13:00:00', '15:30:00', '2021-03-10', '', NULL, NULL),
(580, 5, 37, 38, 12, 'TEORI', '4', '13:00:00', '15:30:00', '2021-03-17', '', NULL, NULL),
(581, 5, 37, 38, 12, 'TEORI', '5', '13:00:00', '15:30:00', '2021-03-24', '', NULL, NULL),
(582, 5, 37, 38, 12, 'TEORI', '6', '13:00:00', '15:30:00', '2021-03-31', '', NULL, NULL),
(583, 5, 37, 38, 12, 'TEORI', '7', '13:00:00', '15:30:00', '2021-04-07', '', NULL, NULL),
(584, 5, 37, 38, 12, 'TEORI', '8', '13:00:00', '15:30:00', '2021-04-14', '', NULL, NULL),
(585, 5, 37, 38, 12, 'TEORI', '9', '13:00:00', '15:30:00', '2021-04-21', '', NULL, NULL),
(586, 5, 37, 38, 12, 'TEORI', '10', '13:00:00', '15:30:00', '2021-04-28', '', NULL, NULL),
(587, 1, 37, 38, 12, 'TEORI', '11', '13:00:00', '15:30:00', '2021-05-05', '', NULL, NULL),
(588, 1, 37, 38, 12, 'TEORI', '12', '13:00:00', '15:30:00', '2021-05-12', '', NULL, NULL),
(589, 1, 37, 38, 12, 'TEORI', '13', '13:00:00', '15:30:00', '2021-05-19', '', NULL, NULL),
(590, 1, 37, 38, 12, 'TEORI', '14', '13:00:00', '15:30:00', '2021-05-26', '', NULL, NULL),
(591, 1, 37, 38, 12, 'TEORI', '15', '13:00:00', '15:30:00', '2021-06-02', '', NULL, NULL),
(592, 1, 37, 38, 12, 'TEORI', '16', '13:00:00', '15:30:00', '2021-06-09', '', NULL, NULL),
(593, 5, 38, 38, 12, 'LAB', '1', '16:00:00', '16:50:00', '2021-02-24', '', NULL, NULL),
(594, 5, 38, 38, 12, 'LAB', '2', '16:00:00', '16:50:00', '2021-03-03', '', NULL, NULL),
(595, 5, 38, 38, 12, 'LAB', '3', '16:00:00', '16:50:00', '2021-03-10', '', NULL, NULL),
(596, 5, 38, 38, 12, 'LAB', '4', '16:00:00', '16:50:00', '2021-03-17', '', NULL, NULL),
(597, 5, 38, 38, 12, 'LAB', '5', '16:00:00', '16:50:00', '2021-03-24', '', NULL, NULL),
(598, 5, 38, 38, 12, 'LAB', '6', '16:00:00', '16:50:00', '2021-03-31', '', NULL, NULL),
(599, 5, 38, 38, 12, 'LAB', '7', '16:00:00', '16:50:00', '2021-04-07', '', NULL, NULL),
(600, 5, 38, 38, 12, 'LAB', '8', '16:00:00', '16:50:00', '2021-04-14', '', NULL, NULL),
(601, 5, 38, 38, 12, 'LAB', '9', '16:00:00', '16:50:00', '2021-04-21', '', NULL, NULL),
(602, 5, 38, 38, 12, 'LAB', '10', '16:00:00', '16:50:00', '2021-04-28', '', NULL, NULL),
(603, 1, 38, 38, 12, 'LAB', '11', '16:00:00', '16:50:00', '2021-05-05', '', NULL, NULL),
(604, 1, 38, 38, 12, 'LAB', '12', '16:00:00', '16:50:00', '2021-05-12', '', NULL, NULL),
(605, 1, 38, 38, 12, 'LAB', '13', '16:00:00', '16:50:00', '2021-05-19', '', NULL, NULL),
(606, 1, 38, 38, 12, 'LAB', '14', '16:00:00', '16:50:00', '2021-05-26', '', NULL, NULL),
(607, 1, 38, 38, 12, 'LAB', '15', '16:00:00', '16:50:00', '2021-06-02', '', NULL, NULL),
(608, 1, 38, 38, 12, 'LAB', '16', '16:00:00', '16:50:00', '2021-06-09', '', NULL, NULL),
(609, 5, 39, 37, 2, 'TEORI', '1', '13:00:00', '15:30:00', '2021-02-24', '', NULL, NULL),
(610, 5, 39, 37, 2, 'TEORI', '2', '13:00:00', '15:30:00', '2021-03-03', '', NULL, NULL),
(611, 5, 39, 37, 2, 'TEORI', '3', '13:00:00', '15:30:00', '2021-03-10', '', NULL, NULL),
(612, 5, 39, 37, 2, 'TEORI', '4', '13:00:00', '15:30:00', '2021-03-17', '', NULL, NULL),
(613, 5, 39, 37, 2, 'TEORI', '5', '13:00:00', '15:30:00', '2021-03-24', '', NULL, NULL),
(614, 5, 39, 37, 2, 'TEORI', '6', '13:00:00', '15:30:00', '2021-03-31', '', NULL, NULL),
(615, 5, 39, 37, 2, 'TEORI', '7', '13:00:00', '15:30:00', '2021-04-07', '', NULL, NULL),
(616, 5, 39, 37, 2, 'TEORI', '8', '13:00:00', '15:30:00', '2021-04-14', '', NULL, NULL),
(617, 5, 39, 37, 2, 'TEORI', '9', '13:00:00', '15:30:00', '2021-04-21', '', NULL, NULL),
(618, 5, 39, 37, 2, 'TEORI', '10', '13:00:00', '15:30:00', '2021-04-28', '', NULL, NULL),
(619, 1, 39, 37, 2, 'TEORI', '11', '13:00:00', '15:30:00', '2021-05-05', '', NULL, NULL),
(620, 1, 39, 37, 2, 'TEORI', '12', '13:00:00', '15:30:00', '2021-05-12', '', NULL, NULL),
(621, 1, 39, 37, 2, 'TEORI', '13', '13:00:00', '15:30:00', '2021-05-19', '', NULL, NULL),
(622, 1, 39, 37, 2, 'TEORI', '14', '13:00:00', '15:30:00', '2021-05-26', '', NULL, NULL),
(623, 1, 39, 37, 2, 'TEORI', '15', '13:00:00', '15:30:00', '2021-06-02', '', NULL, NULL),
(624, 1, 39, 37, 2, 'TEORI', '16', '13:00:00', '15:30:00', '2021-06-09', '', NULL, NULL),
(625, 5, 40, 22, 3, 'TEORI', '1', '13:00:00', '15:30:00', '2021-02-24', '', NULL, NULL),
(626, 5, 40, 22, 3, 'TEORI', '2', '13:00:00', '15:30:00', '2021-03-03', '', NULL, NULL),
(627, 5, 40, 22, 3, 'TEORI', '3', '13:00:00', '15:30:00', '2021-03-10', '', NULL, NULL),
(628, 5, 40, 22, 3, 'TEORI', '4', '13:00:00', '15:30:00', '2021-03-17', '', NULL, NULL),
(629, 5, 40, 22, 3, 'TEORI', '5', '13:00:00', '15:30:00', '2021-03-24', '', NULL, NULL),
(630, 5, 40, 22, 3, 'TEORI', '6', '13:00:00', '15:30:00', '2021-03-31', '', NULL, NULL),
(631, 5, 40, 22, 3, 'TEORI', '7', '13:00:00', '15:30:00', '2021-04-07', '', NULL, NULL),
(632, 5, 40, 22, 3, 'TEORI', '8', '13:00:00', '15:30:00', '2021-04-14', '', NULL, NULL),
(633, 5, 40, 22, 3, 'TEORI', '9', '13:00:00', '15:30:00', '2021-04-21', '', NULL, NULL),
(634, 5, 40, 22, 3, 'TEORI', '10', '13:00:00', '15:30:00', '2021-04-28', '', NULL, NULL),
(635, 1, 40, 22, 3, 'TEORI', '11', '13:00:00', '15:30:00', '2021-05-05', '', NULL, NULL),
(636, 1, 40, 22, 3, 'TEORI', '12', '13:00:00', '15:30:00', '2021-05-12', '', NULL, NULL),
(637, 1, 40, 22, 3, 'TEORI', '13', '13:00:00', '15:30:00', '2021-05-19', '', NULL, NULL),
(638, 1, 40, 22, 3, 'TEORI', '14', '13:00:00', '15:30:00', '2021-05-26', '', NULL, NULL),
(639, 1, 40, 22, 3, 'TEORI', '15', '13:00:00', '15:30:00', '2021-06-02', '', NULL, NULL),
(640, 1, 40, 22, 3, 'TEORI', '16', '13:00:00', '15:30:00', '2021-06-09', '', NULL, NULL),
(641, 5, 41, 22, 3, 'LAB', '1', '16:00:00', '16:50:00', '2021-02-24', '', NULL, NULL),
(642, 5, 41, 22, 3, 'LAB', '2', '16:00:00', '16:50:00', '2021-03-03', '', NULL, NULL),
(643, 5, 41, 22, 3, 'LAB', '3', '16:00:00', '16:50:00', '2021-03-10', '', NULL, NULL),
(644, 5, 41, 22, 3, 'LAB', '4', '16:00:00', '16:50:00', '2021-03-17', '', NULL, NULL),
(645, 5, 41, 22, 3, 'LAB', '5', '16:00:00', '16:50:00', '2021-03-24', '', NULL, NULL),
(646, 5, 41, 22, 3, 'LAB', '6', '16:00:00', '16:50:00', '2021-03-31', '', NULL, NULL),
(647, 5, 41, 22, 3, 'LAB', '7', '16:00:00', '16:50:00', '2021-04-07', '', NULL, NULL),
(648, 5, 41, 22, 3, 'LAB', '8', '16:00:00', '16:50:00', '2021-04-14', '', NULL, NULL),
(649, 5, 41, 22, 3, 'LAB', '9', '16:00:00', '16:50:00', '2021-04-21', '', NULL, NULL),
(650, 5, 41, 22, 3, 'LAB', '10', '16:00:00', '16:50:00', '2021-04-28', '', NULL, NULL),
(651, 1, 41, 22, 3, 'LAB', '11', '16:00:00', '16:50:00', '2021-05-05', '', NULL, NULL),
(652, 1, 41, 22, 3, 'LAB', '12', '16:00:00', '16:50:00', '2021-05-12', '', NULL, NULL),
(653, 1, 41, 22, 3, 'LAB', '13', '16:00:00', '16:50:00', '2021-05-19', '', NULL, NULL),
(654, 1, 41, 22, 3, 'LAB', '14', '16:00:00', '16:50:00', '2021-05-26', '', NULL, NULL),
(655, 1, 41, 22, 3, 'LAB', '15', '16:00:00', '16:50:00', '2021-06-02', '', NULL, NULL),
(656, 1, 41, 22, 3, 'LAB', '16', '16:00:00', '16:50:00', '2021-06-09', '', NULL, NULL),
(657, 5, 42, 51, 5, 'TEORI', '1', '13:00:00', '15:30:00', '2021-02-24', '', NULL, NULL),
(658, 5, 42, 51, 5, 'TEORI', '2', '13:00:00', '15:30:00', '2021-03-03', '', NULL, NULL),
(659, 5, 42, 51, 5, 'TEORI', '3', '13:00:00', '15:30:00', '2021-03-10', '', NULL, NULL),
(660, 5, 42, 51, 5, 'TEORI', '4', '13:00:00', '15:30:00', '2021-03-17', '', NULL, NULL),
(661, 5, 42, 51, 5, 'TEORI', '5', '13:00:00', '15:30:00', '2021-03-24', '', NULL, NULL),
(662, 5, 42, 51, 5, 'TEORI', '6', '13:00:00', '15:30:00', '2021-03-31', '', NULL, NULL),
(663, 5, 42, 51, 5, 'TEORI', '7', '13:00:00', '15:30:00', '2021-04-07', '', NULL, NULL),
(664, 5, 42, 51, 5, 'TEORI', '8', '13:00:00', '15:30:00', '2021-04-14', '', NULL, NULL),
(665, 5, 42, 51, 5, 'TEORI', '9', '13:00:00', '15:30:00', '2021-04-21', '', NULL, NULL),
(666, 5, 42, 51, 5, 'TEORI', '10', '13:00:00', '15:30:00', '2021-04-28', '', NULL, NULL),
(667, 1, 42, 51, 5, 'TEORI', '11', '13:00:00', '15:30:00', '2021-05-05', '', NULL, NULL),
(668, 1, 42, 51, 5, 'TEORI', '12', '13:00:00', '15:30:00', '2021-05-12', '', NULL, NULL),
(669, 1, 42, 51, 5, 'TEORI', '13', '13:00:00', '15:30:00', '2021-05-19', '', NULL, NULL),
(670, 1, 42, 51, 5, 'TEORI', '14', '13:00:00', '15:30:00', '2021-05-26', '', NULL, NULL),
(671, 1, 42, 51, 5, 'TEORI', '15', '13:00:00', '15:30:00', '2021-06-02', '', NULL, NULL),
(672, 1, 42, 51, 5, 'TEORI', '16', '13:00:00', '15:30:00', '2021-06-09', '', NULL, NULL),
(673, 5, 43, 53, 6, 'TEORI', '1', '13:00:00', '15:30:00', '2021-02-24', '', NULL, NULL),
(674, 5, 43, 53, 6, 'TEORI', '2', '13:00:00', '15:30:00', '2021-03-03', '', NULL, NULL),
(675, 5, 43, 53, 6, 'TEORI', '3', '13:00:00', '15:30:00', '2021-03-10', '', NULL, NULL),
(676, 5, 43, 53, 6, 'TEORI', '4', '13:00:00', '15:30:00', '2021-03-17', '', NULL, NULL),
(677, 5, 43, 53, 6, 'TEORI', '5', '13:00:00', '15:30:00', '2021-03-24', '', NULL, NULL),
(678, 5, 43, 53, 6, 'TEORI', '6', '13:00:00', '15:30:00', '2021-03-31', '', NULL, NULL),
(679, 5, 43, 53, 6, 'TEORI', '7', '13:00:00', '15:30:00', '2021-04-07', '', NULL, NULL),
(680, 5, 43, 53, 6, 'TEORI', '8', '13:00:00', '15:30:00', '2021-04-14', '', NULL, NULL),
(681, 5, 43, 53, 6, 'TEORI', '9', '13:00:00', '15:30:00', '2021-04-21', '', NULL, NULL),
(682, 5, 43, 53, 6, 'TEORI', '10', '13:00:00', '15:30:00', '2021-04-28', '', NULL, NULL),
(683, 1, 43, 53, 6, 'TEORI', '11', '13:00:00', '15:30:00', '2021-05-05', '', NULL, NULL),
(684, 1, 43, 53, 6, 'TEORI', '12', '13:00:00', '15:30:00', '2021-05-12', '', NULL, NULL),
(685, 1, 43, 53, 6, 'TEORI', '13', '13:00:00', '15:30:00', '2021-05-19', '', NULL, NULL),
(686, 1, 43, 53, 6, 'TEORI', '14', '13:00:00', '15:30:00', '2021-05-26', '', NULL, NULL),
(687, 1, 43, 53, 6, 'TEORI', '15', '13:00:00', '15:30:00', '2021-06-02', '', NULL, NULL),
(688, 1, 43, 53, 6, 'TEORI', '16', '13:00:00', '15:30:00', '2021-06-09', '', NULL, NULL),
(689, 5, 44, 19, 7, 'TEORI', '1', '13:00:00', '15:30:00', '2021-02-24', '', NULL, NULL),
(690, 5, 44, 19, 7, 'TEORI', '2', '13:00:00', '15:30:00', '2021-03-03', '', NULL, NULL),
(691, 5, 44, 19, 7, 'TEORI', '3', '13:00:00', '15:30:00', '2021-03-10', '', NULL, NULL),
(692, 5, 44, 19, 7, 'TEORI', '4', '13:00:00', '15:30:00', '2021-03-17', '', NULL, NULL),
(693, 5, 44, 19, 7, 'TEORI', '5', '13:00:00', '15:30:00', '2021-03-24', '', NULL, NULL),
(694, 5, 44, 19, 7, 'TEORI', '6', '13:00:00', '15:30:00', '2021-03-31', '', NULL, NULL),
(695, 5, 44, 19, 7, 'TEORI', '7', '13:00:00', '15:30:00', '2021-04-07', '', NULL, NULL),
(696, 5, 44, 19, 7, 'TEORI', '8', '13:00:00', '15:30:00', '2021-04-14', '', NULL, NULL),
(697, 5, 44, 19, 7, 'TEORI', '9', '13:00:00', '15:30:00', '2021-04-21', '', NULL, NULL),
(698, 5, 44, 19, 7, 'TEORI', '10', '13:00:00', '15:30:00', '2021-04-28', '', NULL, NULL),
(699, 1, 44, 19, 7, 'TEORI', '11', '13:00:00', '15:30:00', '2021-05-05', '', NULL, NULL),
(700, 1, 44, 19, 7, 'TEORI', '12', '13:00:00', '15:30:00', '2021-05-12', '', NULL, NULL),
(701, 1, 44, 19, 7, 'TEORI', '13', '13:00:00', '15:30:00', '2021-05-19', '', NULL, NULL),
(702, 1, 44, 19, 7, 'TEORI', '14', '13:00:00', '15:30:00', '2021-05-26', '', NULL, NULL),
(703, 1, 44, 19, 7, 'TEORI', '15', '13:00:00', '15:30:00', '2021-06-02', '', NULL, NULL),
(704, 1, 44, 19, 7, 'TEORI', '16', '13:00:00', '15:30:00', '2021-06-09', '', NULL, NULL),
(705, 5, 45, 59, 8, 'TEORI', '1', '13:00:00', '15:30:00', '2021-02-24', '', NULL, NULL),
(706, 5, 45, 59, 8, 'TEORI', '2', '13:00:00', '15:30:00', '2021-03-03', '', NULL, NULL),
(707, 5, 45, 59, 8, 'TEORI', '3', '13:00:00', '15:30:00', '2021-03-10', '', NULL, NULL),
(708, 5, 45, 59, 8, 'TEORI', '4', '13:00:00', '15:30:00', '2021-03-17', '', NULL, NULL),
(709, 5, 45, 59, 8, 'TEORI', '5', '13:00:00', '15:30:00', '2021-03-24', '', NULL, NULL),
(710, 5, 45, 59, 8, 'TEORI', '6', '13:00:00', '15:30:00', '2021-03-31', '', NULL, NULL),
(711, 5, 45, 59, 8, 'TEORI', '7', '13:00:00', '15:30:00', '2021-04-07', '', NULL, NULL),
(712, 5, 45, 59, 8, 'TEORI', '8', '13:00:00', '15:30:00', '2021-04-14', '', NULL, NULL),
(713, 5, 45, 59, 8, 'TEORI', '9', '13:00:00', '15:30:00', '2021-04-21', '', NULL, NULL),
(714, 5, 45, 59, 8, 'TEORI', '10', '13:00:00', '15:30:00', '2021-04-28', '', NULL, NULL),
(715, 1, 45, 59, 8, 'TEORI', '11', '13:00:00', '15:30:00', '2021-05-05', '', NULL, NULL),
(716, 1, 45, 59, 8, 'TEORI', '12', '13:00:00', '15:30:00', '2021-05-12', '', NULL, NULL),
(717, 1, 45, 59, 8, 'TEORI', '13', '13:00:00', '15:30:00', '2021-05-19', '', NULL, NULL),
(718, 1, 45, 59, 8, 'TEORI', '14', '13:00:00', '15:30:00', '2021-05-26', '', NULL, NULL),
(719, 1, 45, 59, 8, 'TEORI', '15', '13:00:00', '15:30:00', '2021-06-02', '', NULL, NULL),
(720, 1, 45, 59, 8, 'TEORI', '16', '13:00:00', '15:30:00', '2021-06-09', '', NULL, NULL),
(721, 5, 46, 58, 9, 'TEORI', '1', '13:00:00', '15:30:00', '2021-02-24', '', NULL, NULL),
(722, 5, 46, 58, 9, 'TEORI', '2', '13:00:00', '15:30:00', '2021-03-03', '', NULL, NULL),
(723, 5, 46, 58, 9, 'TEORI', '3', '13:00:00', '15:30:00', '2021-03-10', '', NULL, NULL),
(724, 5, 46, 58, 9, 'TEORI', '4', '13:00:00', '15:30:00', '2021-03-17', '', NULL, NULL),
(725, 5, 46, 58, 9, 'TEORI', '5', '13:00:00', '15:30:00', '2021-03-24', '', NULL, NULL),
(726, 5, 46, 58, 9, 'TEORI', '6', '13:00:00', '15:30:00', '2021-03-31', '', NULL, NULL),
(727, 5, 46, 58, 9, 'TEORI', '7', '13:00:00', '15:30:00', '2021-04-07', '', NULL, NULL),
(728, 5, 46, 58, 9, 'TEORI', '8', '13:00:00', '15:30:00', '2021-04-14', '', NULL, NULL),
(729, 5, 46, 58, 9, 'TEORI', '9', '13:00:00', '15:30:00', '2021-04-21', '', NULL, NULL),
(730, 5, 46, 58, 9, 'TEORI', '10', '13:00:00', '15:30:00', '2021-04-28', '', NULL, NULL),
(731, 1, 46, 58, 9, 'TEORI', '11', '13:00:00', '15:30:00', '2021-05-05', '', NULL, NULL),
(732, 1, 46, 58, 9, 'TEORI', '12', '13:00:00', '15:30:00', '2021-05-12', '', NULL, NULL),
(733, 1, 46, 58, 9, 'TEORI', '13', '13:00:00', '15:30:00', '2021-05-19', '', NULL, NULL),
(734, 1, 46, 58, 9, 'TEORI', '14', '13:00:00', '15:30:00', '2021-05-26', '', NULL, NULL),
(735, 1, 46, 58, 9, 'TEORI', '15', '13:00:00', '15:30:00', '2021-06-02', '', NULL, NULL),
(736, 1, 46, 58, 9, 'TEORI', '16', '13:00:00', '15:30:00', '2021-06-09', '', NULL, NULL),
(737, 5, 47, 47, 10, 'TEORI', '1', '16:00:00', '18:30:00', '2021-02-24', '', NULL, NULL),
(738, 5, 47, 47, 10, 'TEORI', '2', '16:00:00', '18:30:00', '2021-03-03', '', NULL, NULL),
(739, 5, 47, 47, 10, 'TEORI', '3', '16:00:00', '18:30:00', '2021-03-10', '', NULL, NULL),
(740, 5, 47, 47, 10, 'TEORI', '4', '16:00:00', '18:30:00', '2021-03-17', '', NULL, NULL),
(741, 5, 47, 47, 10, 'TEORI', '5', '16:00:00', '18:30:00', '2021-03-24', '', NULL, NULL),
(742, 5, 47, 47, 10, 'TEORI', '6', '16:00:00', '18:30:00', '2021-03-31', '', NULL, NULL),
(743, 5, 47, 47, 10, 'TEORI', '7', '16:00:00', '18:30:00', '2021-04-07', '', NULL, NULL),
(744, 5, 47, 47, 10, 'TEORI', '8', '16:00:00', '18:30:00', '2021-04-14', '', NULL, NULL),
(745, 5, 47, 47, 10, 'TEORI', '9', '16:00:00', '18:30:00', '2021-04-21', '', NULL, NULL),
(746, 5, 47, 47, 10, 'TEORI', '10', '16:00:00', '18:30:00', '2021-04-28', '', NULL, NULL),
(747, 1, 47, 47, 10, 'TEORI', '11', '16:00:00', '18:30:00', '2021-05-05', '', NULL, NULL),
(748, 1, 47, 47, 10, 'TEORI', '12', '16:00:00', '18:30:00', '2021-05-12', '', NULL, NULL),
(749, 1, 47, 47, 10, 'TEORI', '13', '16:00:00', '18:30:00', '2021-05-19', '', NULL, NULL),
(750, 1, 47, 47, 10, 'TEORI', '14', '16:00:00', '18:30:00', '2021-05-26', '', NULL, NULL),
(751, 1, 47, 47, 10, 'TEORI', '15', '16:00:00', '18:30:00', '2021-06-02', '', NULL, NULL),
(752, 1, 47, 47, 10, 'TEORI', '16', '16:00:00', '18:30:00', '2021-06-09', '', NULL, NULL),
(753, 5, 48, 14, 11, 'TEORI', '1', '07:30:00', '09:10:00', '2021-02-25', '', NULL, NULL),
(754, 5, 48, 14, 11, 'TEORI', '2', '07:30:00', '09:10:00', '2021-03-04', '', NULL, NULL),
(755, 5, 48, 14, 11, 'TEORI', '3', '07:30:00', '09:10:00', '2021-03-11', '', NULL, NULL),
(756, 5, 48, 14, 11, 'TEORI', '4', '07:30:00', '09:10:00', '2021-03-18', '', NULL, NULL),
(757, 5, 48, 14, 11, 'TEORI', '5', '07:30:00', '09:10:00', '2021-03-25', '', NULL, NULL),
(758, 5, 48, 14, 11, 'TEORI', '6', '07:30:00', '09:10:00', '2021-04-01', '', NULL, NULL),
(759, 5, 48, 14, 11, 'TEORI', '7', '07:30:00', '09:10:00', '2021-04-08', '', NULL, NULL),
(760, 5, 48, 14, 11, 'TEORI', '8', '07:30:00', '09:10:00', '2021-04-15', '', NULL, NULL),
(761, 5, 48, 14, 11, 'TEORI', '9', '07:30:00', '09:10:00', '2021-04-22', '', NULL, NULL),
(762, 5, 48, 14, 11, 'TEORI', '10', '07:30:00', '09:10:00', '2021-04-29', '', NULL, NULL),
(763, 1, 48, 14, 11, 'TEORI', '11', '07:30:00', '09:10:00', '2021-05-06', '', NULL, NULL),
(764, 1, 48, 14, 11, 'TEORI', '12', '07:30:00', '09:10:00', '2021-05-13', '', NULL, NULL),
(765, 1, 48, 14, 11, 'TEORI', '13', '07:30:00', '09:10:00', '2021-05-20', '', NULL, NULL),
(766, 1, 48, 14, 11, 'TEORI', '14', '07:30:00', '09:10:00', '2021-05-27', '', NULL, NULL),
(767, 1, 48, 14, 11, 'TEORI', '15', '07:30:00', '09:10:00', '2021-06-03', '', NULL, NULL),
(768, 1, 48, 14, 11, 'TEORI', '16', '07:30:00', '09:10:00', '2021-06-10', '', NULL, NULL),
(769, 5, 49, 14, 11, 'LAB', '1', '09:10:00', '10:00:00', '2021-02-25', '', NULL, NULL),
(770, 5, 49, 14, 11, 'LAB', '2', '09:10:00', '10:00:00', '2021-03-04', '', NULL, NULL),
(771, 5, 49, 14, 11, 'LAB', '3', '09:10:00', '10:00:00', '2021-03-11', '', NULL, NULL),
(772, 5, 49, 14, 11, 'LAB', '4', '09:10:00', '10:00:00', '2021-03-18', '', NULL, NULL),
(773, 5, 49, 14, 11, 'LAB', '5', '09:10:00', '10:00:00', '2021-03-25', '', NULL, NULL),
(774, 5, 49, 14, 11, 'LAB', '6', '09:10:00', '10:00:00', '2021-04-01', '', NULL, NULL),
(775, 5, 49, 14, 11, 'LAB', '7', '09:10:00', '10:00:00', '2021-04-08', '', NULL, NULL),
(776, 5, 49, 14, 11, 'LAB', '8', '09:10:00', '10:00:00', '2021-04-15', '', NULL, NULL),
(777, 5, 49, 14, 11, 'LAB', '9', '09:10:00', '10:00:00', '2021-04-22', '', NULL, NULL),
(778, 5, 49, 14, 11, 'LAB', '10', '09:10:00', '10:00:00', '2021-04-29', '', NULL, NULL),
(779, 1, 49, 14, 11, 'LAB', '11', '09:10:00', '10:00:00', '2021-05-06', '', NULL, NULL),
(780, 1, 49, 14, 11, 'LAB', '12', '09:10:00', '10:00:00', '2021-05-13', '', NULL, NULL),
(781, 1, 49, 14, 11, 'LAB', '13', '09:10:00', '10:00:00', '2021-05-20', '', NULL, NULL),
(782, 1, 49, 14, 11, 'LAB', '14', '09:10:00', '10:00:00', '2021-05-27', '', NULL, NULL),
(783, 1, 49, 14, 11, 'LAB', '15', '09:10:00', '10:00:00', '2021-06-03', '', NULL, NULL),
(784, 1, 49, 14, 11, 'LAB', '16', '09:10:00', '10:00:00', '2021-06-10', '', NULL, NULL),
(785, 5, 50, 49, 1, 'TEORI', '1', '08:00:00', '10:30:00', '2021-02-25', '', NULL, NULL),
(786, 5, 50, 49, 1, 'TEORI', '2', '08:00:00', '10:30:00', '2021-03-04', '', NULL, NULL),
(787, 5, 50, 49, 1, 'TEORI', '3', '08:00:00', '10:30:00', '2021-03-11', '', NULL, NULL),
(788, 5, 50, 49, 1, 'TEORI', '4', '08:00:00', '10:30:00', '2021-03-18', '', NULL, NULL),
(789, 5, 50, 49, 1, 'TEORI', '5', '08:00:00', '10:30:00', '2021-03-25', '', NULL, NULL),
(790, 5, 50, 49, 1, 'TEORI', '6', '08:00:00', '10:30:00', '2021-04-01', '', NULL, NULL),
(791, 5, 50, 49, 1, 'TEORI', '7', '08:00:00', '10:30:00', '2021-04-08', '', NULL, NULL),
(792, 5, 50, 49, 1, 'TEORI', '8', '08:00:00', '10:30:00', '2021-04-15', '', NULL, NULL),
(793, 5, 50, 49, 1, 'TEORI', '9', '08:00:00', '10:30:00', '2021-04-22', '', NULL, NULL),
(794, 5, 50, 49, 1, 'TEORI', '10', '08:00:00', '10:30:00', '2021-04-29', '', NULL, NULL),
(795, 1, 50, 49, 1, 'TEORI', '11', '08:00:00', '10:30:00', '2021-05-06', '', NULL, NULL),
(796, 1, 50, 49, 1, 'TEORI', '12', '08:00:00', '10:30:00', '2021-05-13', '', NULL, NULL),
(797, 1, 50, 49, 1, 'TEORI', '13', '08:00:00', '10:30:00', '2021-05-20', '', NULL, NULL),
(798, 1, 50, 49, 1, 'TEORI', '14', '08:00:00', '10:30:00', '2021-05-27', '', NULL, NULL),
(799, 1, 50, 49, 1, 'TEORI', '15', '08:00:00', '10:30:00', '2021-06-03', '', NULL, NULL),
(800, 1, 50, 49, 1, 'TEORI', '16', '08:00:00', '10:30:00', '2021-06-10', '', NULL, NULL),
(801, 5, 51, 65, 2, 'TEORI', '1', '08:00:00', '10:30:00', '2021-02-25', '', NULL, NULL),
(802, 5, 51, 65, 2, 'TEORI', '2', '08:00:00', '10:30:00', '2021-03-04', '', NULL, NULL),
(803, 5, 51, 65, 2, 'TEORI', '3', '08:00:00', '10:30:00', '2021-03-11', '', NULL, NULL),
(804, 5, 51, 65, 2, 'TEORI', '4', '08:00:00', '10:30:00', '2021-03-18', '', NULL, NULL),
(805, 5, 51, 65, 2, 'TEORI', '5', '08:00:00', '10:30:00', '2021-03-25', '', NULL, NULL),
(806, 5, 51, 65, 2, 'TEORI', '6', '08:00:00', '10:30:00', '2021-04-01', '', NULL, NULL),
(807, 5, 51, 65, 2, 'TEORI', '7', '08:00:00', '10:30:00', '2021-04-08', '', NULL, NULL),
(808, 5, 51, 65, 2, 'TEORI', '8', '08:00:00', '10:30:00', '2021-04-15', '', NULL, NULL),
(809, 5, 51, 65, 2, 'TEORI', '9', '08:00:00', '10:30:00', '2021-04-22', '', NULL, NULL),
(810, 5, 51, 65, 2, 'TEORI', '10', '08:00:00', '10:30:00', '2021-04-29', '', NULL, NULL),
(811, 1, 51, 65, 2, 'TEORI', '11', '08:00:00', '10:30:00', '2021-05-06', '', NULL, NULL),
(812, 1, 51, 65, 2, 'TEORI', '12', '08:00:00', '10:30:00', '2021-05-13', '', NULL, NULL),
(813, 1, 51, 65, 2, 'TEORI', '13', '08:00:00', '10:30:00', '2021-05-20', '', NULL, NULL),
(814, 1, 51, 65, 2, 'TEORI', '14', '08:00:00', '10:30:00', '2021-05-27', '', NULL, NULL),
(815, 1, 51, 65, 2, 'TEORI', '15', '08:00:00', '10:30:00', '2021-06-03', '', NULL, NULL),
(816, 1, 51, 65, 2, 'TEORI', '16', '08:00:00', '10:30:00', '2021-06-10', '', NULL, NULL),
(817, 5, 52, 43, 3, 'TEORI', '1', '08:00:00', '11:20:00', '2021-02-25', '', NULL, NULL),
(818, 5, 52, 43, 3, 'TEORI', '2', '08:00:00', '11:20:00', '2021-03-04', '', NULL, NULL),
(819, 5, 52, 43, 3, 'TEORI', '3', '08:00:00', '11:20:00', '2021-03-11', '', NULL, NULL),
(820, 5, 52, 43, 3, 'TEORI', '4', '08:00:00', '11:20:00', '2021-03-18', '', NULL, NULL),
(821, 5, 52, 43, 3, 'TEORI', '5', '08:00:00', '11:20:00', '2021-03-25', '', NULL, NULL),
(822, 5, 52, 43, 3, 'TEORI', '6', '08:00:00', '11:20:00', '2021-04-01', '', NULL, NULL),
(823, 5, 52, 43, 3, 'TEORI', '7', '08:00:00', '11:20:00', '2021-04-08', '', NULL, NULL),
(824, 5, 52, 43, 3, 'TEORI', '8', '08:00:00', '11:20:00', '2021-04-15', '', NULL, NULL),
(825, 5, 52, 43, 3, 'TEORI', '9', '08:00:00', '11:20:00', '2021-04-22', '', NULL, NULL),
(826, 5, 52, 43, 3, 'TEORI', '10', '08:00:00', '11:20:00', '2021-04-29', '', NULL, NULL),
(827, 1, 52, 43, 3, 'TEORI', '11', '08:00:00', '11:20:00', '2021-05-06', '', NULL, NULL),
(828, 1, 52, 43, 3, 'TEORI', '12', '08:00:00', '11:20:00', '2021-05-13', '', NULL, NULL),
(829, 1, 52, 43, 3, 'TEORI', '13', '08:00:00', '11:20:00', '2021-05-20', '', NULL, NULL),
(830, 1, 52, 43, 3, 'TEORI', '14', '08:00:00', '11:20:00', '2021-05-27', '', NULL, NULL),
(831, 1, 52, 43, 3, 'TEORI', '15', '08:00:00', '11:20:00', '2021-06-03', '', NULL, NULL),
(832, 1, 52, 43, 3, 'TEORI', '16', '08:00:00', '11:20:00', '2021-06-10', '', NULL, NULL),
(833, 5, 53, 17, 4, 'TEORI', '1', '08:00:00', '09:40:00', '2021-02-25', '', NULL, NULL),
(834, 5, 53, 17, 4, 'TEORI', '2', '08:00:00', '09:40:00', '2021-03-04', '', NULL, NULL),
(835, 5, 53, 17, 4, 'TEORI', '3', '08:00:00', '09:40:00', '2021-03-11', '', NULL, NULL),
(836, 5, 53, 17, 4, 'TEORI', '4', '08:00:00', '09:40:00', '2021-03-18', '', NULL, NULL),
(837, 5, 53, 17, 4, 'TEORI', '5', '08:00:00', '09:40:00', '2021-03-25', '', NULL, NULL),
(838, 5, 53, 17, 4, 'TEORI', '6', '08:00:00', '09:40:00', '2021-04-01', '', NULL, NULL),
(839, 5, 53, 17, 4, 'TEORI', '7', '08:00:00', '09:40:00', '2021-04-08', '', NULL, NULL),
(840, 5, 53, 17, 4, 'TEORI', '8', '08:00:00', '09:40:00', '2021-04-15', '', NULL, NULL),
(841, 5, 53, 17, 4, 'TEORI', '9', '08:00:00', '09:40:00', '2021-04-22', '', NULL, NULL),
(842, 5, 53, 17, 4, 'TEORI', '10', '08:00:00', '09:40:00', '2021-04-29', '', NULL, NULL),
(843, 1, 53, 17, 4, 'TEORI', '11', '08:00:00', '09:40:00', '2021-05-06', '', NULL, NULL),
(844, 1, 53, 17, 4, 'TEORI', '12', '08:00:00', '09:40:00', '2021-05-13', '', NULL, NULL),
(845, 1, 53, 17, 4, 'TEORI', '13', '08:00:00', '09:40:00', '2021-05-20', '', NULL, NULL),
(846, 1, 53, 17, 4, 'TEORI', '14', '08:00:00', '09:40:00', '2021-05-27', '', NULL, NULL),
(847, 1, 53, 17, 4, 'TEORI', '15', '08:00:00', '09:40:00', '2021-06-03', '', NULL, NULL),
(848, 1, 53, 17, 4, 'TEORI', '16', '08:00:00', '09:40:00', '2021-06-10', '', NULL, NULL),
(849, 5, 54, 17, 4, 'LAB', '1', '10:00:00', '11:40:00', '2021-02-25', '', NULL, NULL),
(850, 5, 54, 17, 4, 'LAB', '2', '10:00:00', '11:40:00', '2021-03-04', '', NULL, NULL),
(851, 5, 54, 17, 4, 'LAB', '3', '10:00:00', '11:40:00', '2021-03-11', '', NULL, NULL),
(852, 5, 54, 17, 4, 'LAB', '4', '10:00:00', '11:40:00', '2021-03-18', '', NULL, NULL),
(853, 5, 54, 17, 4, 'LAB', '5', '10:00:00', '11:40:00', '2021-03-25', '', NULL, NULL),
(854, 5, 54, 17, 4, 'LAB', '6', '10:00:00', '11:40:00', '2021-04-01', '', NULL, NULL),
(855, 5, 54, 17, 4, 'LAB', '7', '10:00:00', '11:40:00', '2021-04-08', '', NULL, NULL),
(856, 5, 54, 17, 4, 'LAB', '8', '10:00:00', '11:40:00', '2021-04-15', '', NULL, NULL),
(857, 5, 54, 17, 4, 'LAB', '9', '10:00:00', '11:40:00', '2021-04-22', '', NULL, NULL),
(858, 5, 54, 17, 4, 'LAB', '10', '10:00:00', '11:40:00', '2021-04-29', '', NULL, NULL),
(859, 1, 54, 17, 4, 'LAB', '11', '10:00:00', '11:40:00', '2021-05-06', '', NULL, NULL),
(860, 1, 54, 17, 4, 'LAB', '12', '10:00:00', '11:40:00', '2021-05-13', '', NULL, NULL),
(861, 1, 54, 17, 4, 'LAB', '13', '10:00:00', '11:40:00', '2021-05-20', '', NULL, NULL),
(862, 1, 54, 17, 4, 'LAB', '14', '10:00:00', '11:40:00', '2021-05-27', '', NULL, NULL),
(863, 1, 54, 17, 4, 'LAB', '15', '10:00:00', '11:40:00', '2021-06-03', '', NULL, NULL),
(864, 1, 54, 17, 4, 'LAB', '16', '10:00:00', '11:40:00', '2021-06-10', '', NULL, NULL),
(865, 5, 55, 70, 6, 'TEORI', '1', '08:00:00', '09:40:00', '2021-02-25', '', NULL, NULL),
(866, 5, 55, 70, 6, 'TEORI', '2', '08:00:00', '09:40:00', '2021-03-04', '', NULL, NULL),
(867, 5, 55, 70, 6, 'TEORI', '3', '08:00:00', '09:40:00', '2021-03-11', '', NULL, NULL),
(868, 5, 55, 70, 6, 'TEORI', '4', '08:00:00', '09:40:00', '2021-03-18', '', NULL, NULL),
(869, 5, 55, 70, 6, 'TEORI', '5', '08:00:00', '09:40:00', '2021-03-25', '', NULL, NULL),
(870, 5, 55, 70, 6, 'TEORI', '6', '08:00:00', '09:40:00', '2021-04-01', '', NULL, NULL),
(871, 5, 55, 70, 6, 'TEORI', '7', '08:00:00', '09:40:00', '2021-04-08', '', NULL, NULL),
(872, 5, 55, 70, 6, 'TEORI', '8', '08:00:00', '09:40:00', '2021-04-15', '', NULL, NULL),
(873, 5, 55, 70, 6, 'TEORI', '9', '08:00:00', '09:40:00', '2021-04-22', '', NULL, NULL),
(874, 5, 55, 70, 6, 'TEORI', '10', '08:00:00', '09:40:00', '2021-04-29', '', NULL, NULL),
(875, 1, 55, 70, 6, 'TEORI', '11', '08:00:00', '09:40:00', '2021-05-06', '', NULL, NULL),
(876, 1, 55, 70, 6, 'TEORI', '12', '08:00:00', '09:40:00', '2021-05-13', '', NULL, NULL),
(877, 1, 55, 70, 6, 'TEORI', '13', '08:00:00', '09:40:00', '2021-05-20', '', NULL, NULL),
(878, 1, 55, 70, 6, 'TEORI', '14', '08:00:00', '09:40:00', '2021-05-27', '', NULL, NULL),
(879, 1, 55, 70, 6, 'TEORI', '15', '08:00:00', '09:40:00', '2021-06-03', '', NULL, NULL),
(880, 1, 55, 70, 6, 'TEORI', '16', '08:00:00', '09:40:00', '2021-06-10', '', NULL, NULL),
(881, 5, 56, 35, 7, 'TEORI', '1', '09:40:00', '12:10:00', '2021-02-25', '', NULL, NULL),
(882, 5, 56, 35, 7, 'TEORI', '2', '09:40:00', '12:10:00', '2021-03-04', '', NULL, NULL),
(883, 5, 56, 35, 7, 'TEORI', '3', '09:40:00', '12:10:00', '2021-03-11', '', NULL, NULL),
(884, 5, 56, 35, 7, 'TEORI', '4', '09:40:00', '12:10:00', '2021-03-18', '', NULL, NULL),
(885, 5, 56, 35, 7, 'TEORI', '5', '09:40:00', '12:10:00', '2021-03-25', '', NULL, NULL),
(886, 5, 56, 35, 7, 'TEORI', '6', '09:40:00', '12:10:00', '2021-04-01', '', NULL, NULL),
(887, 5, 56, 35, 7, 'TEORI', '7', '09:40:00', '12:10:00', '2021-04-08', '', NULL, NULL),
(888, 5, 56, 35, 7, 'TEORI', '8', '09:40:00', '12:10:00', '2021-04-15', '', NULL, NULL),
(889, 5, 56, 35, 7, 'TEORI', '9', '09:40:00', '12:10:00', '2021-04-22', '', NULL, NULL),
(890, 5, 56, 35, 7, 'TEORI', '10', '09:40:00', '12:10:00', '2021-04-29', '', NULL, NULL),
(891, 1, 56, 35, 7, 'TEORI', '11', '09:40:00', '12:10:00', '2021-05-06', '', NULL, NULL),
(892, 1, 56, 35, 7, 'TEORI', '12', '09:40:00', '12:10:00', '2021-05-13', '', NULL, NULL),
(893, 1, 56, 35, 7, 'TEORI', '13', '09:40:00', '12:10:00', '2021-05-20', '', NULL, NULL),
(894, 1, 56, 35, 7, 'TEORI', '14', '09:40:00', '12:10:00', '2021-05-27', '', NULL, NULL),
(895, 1, 56, 35, 7, 'TEORI', '15', '09:40:00', '12:10:00', '2021-06-03', '', NULL, NULL),
(896, 1, 56, 35, 7, 'TEORI', '16', '09:40:00', '12:10:00', '2021-06-10', '', NULL, NULL),
(897, 5, 57, 27, 8, 'TEORI', '1', '10:30:00', '12:10:00', '2021-02-25', '', NULL, NULL),
(898, 5, 57, 27, 8, 'TEORI', '2', '10:30:00', '12:10:00', '2021-03-04', '', NULL, NULL),
(899, 5, 57, 27, 8, 'TEORI', '3', '10:30:00', '12:10:00', '2021-03-11', '', NULL, NULL),
(900, 5, 57, 27, 8, 'TEORI', '4', '10:30:00', '12:10:00', '2021-03-18', '', NULL, NULL),
(901, 5, 57, 27, 8, 'TEORI', '5', '10:30:00', '12:10:00', '2021-03-25', '', NULL, NULL),
(902, 5, 57, 27, 8, 'TEORI', '6', '10:30:00', '12:10:00', '2021-04-01', '', NULL, NULL),
(903, 5, 57, 27, 8, 'TEORI', '7', '10:30:00', '12:10:00', '2021-04-08', '', NULL, NULL),
(904, 5, 57, 27, 8, 'TEORI', '8', '10:30:00', '12:10:00', '2021-04-15', '', NULL, NULL),
(905, 5, 57, 27, 8, 'TEORI', '9', '10:30:00', '12:10:00', '2021-04-22', '', NULL, NULL),
(906, 5, 57, 27, 8, 'TEORI', '10', '10:30:00', '12:10:00', '2021-04-29', '', NULL, NULL),
(907, 1, 57, 27, 8, 'TEORI', '11', '10:30:00', '12:10:00', '2021-05-06', '', NULL, NULL),
(908, 1, 57, 27, 8, 'TEORI', '12', '10:30:00', '12:10:00', '2021-05-13', '', NULL, NULL),
(909, 1, 57, 27, 8, 'TEORI', '13', '10:30:00', '12:10:00', '2021-05-20', '', NULL, NULL),
(910, 1, 57, 27, 8, 'TEORI', '14', '10:30:00', '12:10:00', '2021-05-27', '', NULL, NULL),
(911, 1, 57, 27, 8, 'TEORI', '15', '10:30:00', '12:10:00', '2021-06-03', '', NULL, NULL),
(912, 1, 57, 27, 8, 'TEORI', '16', '10:30:00', '12:10:00', '2021-06-10', '', NULL, NULL),
(913, 5, 58, 27, 8, 'LAB', '1', '13:00:00', '14:40:00', '2021-02-25', '', NULL, NULL),
(914, 5, 58, 27, 8, 'LAB', '2', '13:00:00', '14:40:00', '2021-03-04', '', NULL, NULL),
(915, 5, 58, 27, 8, 'LAB', '3', '13:00:00', '14:40:00', '2021-03-11', '', NULL, NULL),
(916, 5, 58, 27, 8, 'LAB', '4', '13:00:00', '14:40:00', '2021-03-18', '', NULL, NULL),
(917, 5, 58, 27, 8, 'LAB', '5', '13:00:00', '14:40:00', '2021-03-25', '', NULL, NULL),
(918, 5, 58, 27, 8, 'LAB', '6', '13:00:00', '14:40:00', '2021-04-01', '', NULL, NULL),
(919, 5, 58, 27, 8, 'LAB', '7', '13:00:00', '14:40:00', '2021-04-08', '', NULL, NULL),
(920, 5, 58, 27, 8, 'LAB', '8', '13:00:00', '14:40:00', '2021-04-15', '', NULL, NULL),
(921, 5, 58, 27, 8, 'LAB', '9', '13:00:00', '14:40:00', '2021-04-22', '', NULL, NULL),
(922, 5, 58, 27, 8, 'LAB', '10', '13:00:00', '14:40:00', '2021-04-29', '', NULL, NULL),
(923, 1, 58, 27, 8, 'LAB', '11', '13:00:00', '14:40:00', '2021-05-06', '', NULL, NULL),
(924, 1, 58, 27, 8, 'LAB', '12', '13:00:00', '14:40:00', '2021-05-13', '', NULL, NULL),
(925, 1, 58, 27, 8, 'LAB', '13', '13:00:00', '14:40:00', '2021-05-20', '', NULL, NULL),
(926, 1, 58, 27, 8, 'LAB', '14', '13:00:00', '14:40:00', '2021-05-27', '', NULL, NULL),
(927, 1, 58, 27, 8, 'LAB', '15', '13:00:00', '14:40:00', '2021-06-03', '', NULL, NULL),
(928, 1, 58, 27, 8, 'LAB', '16', '13:00:00', '14:40:00', '2021-06-10', '', NULL, NULL),
(929, 5, 59, 26, 10, 'TEORI', '1', '13:00:00', '15:00:00', '2021-02-25', '', NULL, NULL),
(930, 5, 59, 26, 10, 'TEORI', '2', '13:00:00', '15:00:00', '2021-03-04', '', NULL, NULL),
(931, 5, 59, 26, 10, 'TEORI', '3', '13:00:00', '15:00:00', '2021-03-11', '', NULL, NULL),
(932, 5, 59, 26, 10, 'TEORI', '4', '13:00:00', '15:00:00', '2021-03-18', '', NULL, NULL),
(933, 5, 59, 26, 10, 'TEORI', '5', '13:00:00', '15:00:00', '2021-03-25', '', NULL, NULL),
(934, 5, 59, 26, 10, 'TEORI', '6', '13:00:00', '15:00:00', '2021-04-01', '', NULL, NULL),
(935, 5, 59, 26, 10, 'TEORI', '7', '13:00:00', '15:00:00', '2021-04-08', '', NULL, NULL),
(936, 5, 59, 26, 10, 'TEORI', '8', '13:00:00', '15:00:00', '2021-04-15', '', NULL, NULL),
(937, 5, 59, 26, 10, 'TEORI', '9', '13:00:00', '15:00:00', '2021-04-22', '', NULL, NULL),
(938, 5, 59, 26, 10, 'TEORI', '10', '13:00:00', '15:00:00', '2021-04-29', '', NULL, NULL),
(939, 1, 59, 26, 10, 'TEORI', '11', '13:00:00', '15:00:00', '2021-05-06', '', NULL, NULL),
(940, 1, 59, 26, 10, 'TEORI', '12', '13:00:00', '15:00:00', '2021-05-13', '', NULL, NULL),
(941, 1, 59, 26, 10, 'TEORI', '13', '13:00:00', '15:00:00', '2021-05-20', '', NULL, NULL),
(942, 1, 59, 26, 10, 'TEORI', '14', '13:00:00', '15:00:00', '2021-05-27', '', NULL, NULL),
(943, 1, 59, 26, 10, 'TEORI', '15', '13:00:00', '15:00:00', '2021-06-03', '', NULL, NULL),
(944, 1, 59, 26, 10, 'TEORI', '16', '13:00:00', '15:00:00', '2021-06-10', '', NULL, NULL),
(945, 5, 60, 8, 11, 'TEORI', '1', '13:00:00', '14:40:00', '2021-02-25', '', NULL, NULL),
(946, 5, 60, 8, 11, 'TEORI', '2', '13:00:00', '14:40:00', '2021-03-04', '', NULL, NULL),
(947, 5, 60, 8, 11, 'TEORI', '3', '13:00:00', '14:40:00', '2021-03-11', '', NULL, NULL),
(948, 5, 60, 8, 11, 'TEORI', '4', '13:00:00', '14:40:00', '2021-03-18', '', NULL, NULL),
(949, 5, 60, 8, 11, 'TEORI', '5', '13:00:00', '14:40:00', '2021-03-25', '', NULL, NULL),
(950, 5, 60, 8, 11, 'TEORI', '6', '13:00:00', '14:40:00', '2021-04-01', '', NULL, NULL),
(951, 5, 60, 8, 11, 'TEORI', '7', '13:00:00', '14:40:00', '2021-04-08', '', NULL, NULL),
(952, 5, 60, 8, 11, 'TEORI', '8', '13:00:00', '14:40:00', '2021-04-15', '', NULL, NULL),
(953, 5, 60, 8, 11, 'TEORI', '9', '13:00:00', '14:40:00', '2021-04-22', '', NULL, NULL),
(954, 5, 60, 8, 11, 'TEORI', '10', '13:00:00', '14:40:00', '2021-04-29', '', NULL, NULL),
(955, 1, 60, 8, 11, 'TEORI', '11', '13:00:00', '14:40:00', '2021-05-06', '', NULL, NULL),
(956, 1, 60, 8, 11, 'TEORI', '12', '13:00:00', '14:40:00', '2021-05-13', '', NULL, NULL),
(957, 1, 60, 8, 11, 'TEORI', '13', '13:00:00', '14:40:00', '2021-05-20', '', NULL, NULL),
(958, 1, 60, 8, 11, 'TEORI', '14', '13:00:00', '14:40:00', '2021-05-27', '', NULL, NULL),
(959, 1, 60, 8, 11, 'TEORI', '15', '13:00:00', '14:40:00', '2021-06-03', '', NULL, NULL),
(960, 1, 60, 8, 11, 'TEORI', '16', '13:00:00', '14:40:00', '2021-06-10', '', NULL, NULL),
(961, 5, 61, 15, 12, 'TEORI', '1', '13:00:00', '15:30:00', '2021-02-25', '', NULL, NULL),
(962, 5, 61, 15, 12, 'TEORI', '2', '13:00:00', '15:30:00', '2021-03-04', '', NULL, NULL),
(963, 5, 61, 15, 12, 'TEORI', '3', '13:00:00', '15:30:00', '2021-03-11', '', NULL, NULL),
(964, 5, 61, 15, 12, 'TEORI', '4', '13:00:00', '15:30:00', '2021-03-18', '', NULL, NULL),
(965, 5, 61, 15, 12, 'TEORI', '5', '13:00:00', '15:30:00', '2021-03-25', '', NULL, NULL),
(966, 5, 61, 15, 12, 'TEORI', '6', '13:00:00', '15:30:00', '2021-04-01', '', NULL, NULL),
(967, 5, 61, 15, 12, 'TEORI', '7', '13:00:00', '15:30:00', '2021-04-08', '', NULL, NULL),
(968, 5, 61, 15, 12, 'TEORI', '8', '13:00:00', '15:30:00', '2021-04-15', '', NULL, NULL),
(969, 5, 61, 15, 12, 'TEORI', '9', '13:00:00', '15:30:00', '2021-04-22', '', NULL, NULL),
(970, 5, 61, 15, 12, 'TEORI', '10', '13:00:00', '15:30:00', '2021-04-29', '', NULL, NULL),
(971, 1, 61, 15, 12, 'TEORI', '11', '13:00:00', '15:30:00', '2021-05-06', '', NULL, NULL),
(972, 1, 61, 15, 12, 'TEORI', '12', '13:00:00', '15:30:00', '2021-05-13', '', NULL, NULL),
(973, 1, 61, 15, 12, 'TEORI', '13', '13:00:00', '15:30:00', '2021-05-20', '', NULL, NULL),
(974, 1, 61, 15, 12, 'TEORI', '14', '13:00:00', '15:30:00', '2021-05-27', '', NULL, NULL),
(975, 1, 61, 15, 12, 'TEORI', '15', '13:00:00', '15:30:00', '2021-06-03', '', NULL, NULL),
(976, 1, 61, 15, 12, 'TEORI', '16', '13:00:00', '15:30:00', '2021-06-10', '', NULL, NULL),
(977, 5, 62, 15, 12, 'LAB', '1', '16:00:00', '16:50:00', '2021-02-25', '', NULL, NULL),
(978, 5, 62, 15, 12, 'LAB', '2', '16:00:00', '16:50:00', '2021-03-04', '', NULL, NULL),
(979, 5, 62, 15, 12, 'LAB', '3', '16:00:00', '16:50:00', '2021-03-11', '', NULL, NULL),
(980, 5, 62, 15, 12, 'LAB', '4', '16:00:00', '16:50:00', '2021-03-18', '', NULL, NULL),
(981, 5, 62, 15, 12, 'LAB', '5', '16:00:00', '16:50:00', '2021-03-25', '', NULL, NULL),
(982, 5, 62, 15, 12, 'LAB', '6', '16:00:00', '16:50:00', '2021-04-01', '', NULL, NULL),
(983, 5, 62, 15, 12, 'LAB', '7', '16:00:00', '16:50:00', '2021-04-08', '', NULL, NULL),
(984, 5, 62, 15, 12, 'LAB', '8', '16:00:00', '16:50:00', '2021-04-15', '', NULL, NULL),
(985, 5, 62, 15, 12, 'LAB', '9', '16:00:00', '16:50:00', '2021-04-22', '', NULL, NULL),
(986, 5, 62, 15, 12, 'LAB', '10', '16:00:00', '16:50:00', '2021-04-29', '', NULL, NULL),
(987, 1, 62, 15, 12, 'LAB', '11', '16:00:00', '16:50:00', '2021-05-06', '', NULL, NULL),
(988, 1, 62, 15, 12, 'LAB', '12', '16:00:00', '16:50:00', '2021-05-13', '', NULL, NULL),
(989, 1, 62, 15, 12, 'LAB', '13', '16:00:00', '16:50:00', '2021-05-20', '', NULL, NULL),
(990, 1, 62, 15, 12, 'LAB', '14', '16:00:00', '16:50:00', '2021-05-27', '', NULL, NULL),
(991, 1, 62, 15, 12, 'LAB', '15', '16:00:00', '16:50:00', '2021-06-03', '', NULL, NULL),
(992, 1, 62, 15, 12, 'LAB', '16', '16:00:00', '16:50:00', '2021-06-10', '', NULL, NULL),
(993, 5, 63, 50, 2, 'TEORI', '1', '13:00:00', '15:30:00', '2021-02-25', '', NULL, NULL),
(994, 5, 63, 50, 2, 'TEORI', '2', '13:00:00', '15:30:00', '2021-03-04', '', NULL, NULL),
(995, 5, 63, 50, 2, 'TEORI', '3', '13:00:00', '15:30:00', '2021-03-11', '', NULL, NULL),
(996, 5, 63, 50, 2, 'TEORI', '4', '13:00:00', '15:30:00', '2021-03-18', '', NULL, NULL),
(997, 5, 63, 50, 2, 'TEORI', '5', '13:00:00', '15:30:00', '2021-03-25', '', NULL, NULL),
(998, 5, 63, 50, 2, 'TEORI', '6', '13:00:00', '15:30:00', '2021-04-01', '', NULL, NULL),
(999, 5, 63, 50, 2, 'TEORI', '7', '13:00:00', '15:30:00', '2021-04-08', '', NULL, NULL),
(1000, 5, 63, 50, 2, 'TEORI', '8', '13:00:00', '15:30:00', '2021-04-15', '', NULL, NULL),
(1001, 5, 63, 50, 2, 'TEORI', '9', '13:00:00', '15:30:00', '2021-04-22', '', NULL, NULL),
(1002, 5, 63, 50, 2, 'TEORI', '10', '13:00:00', '15:30:00', '2021-04-29', '', NULL, NULL),
(1003, 1, 63, 50, 2, 'TEORI', '11', '13:00:00', '15:30:00', '2021-05-06', '', NULL, NULL),
(1004, 1, 63, 50, 2, 'TEORI', '12', '13:00:00', '15:30:00', '2021-05-13', '', NULL, NULL),
(1005, 1, 63, 50, 2, 'TEORI', '13', '13:00:00', '15:30:00', '2021-05-20', '', NULL, NULL),
(1006, 1, 63, 50, 2, 'TEORI', '14', '13:00:00', '15:30:00', '2021-05-27', '', NULL, NULL),
(1007, 1, 63, 50, 2, 'TEORI', '15', '13:00:00', '15:30:00', '2021-06-03', '', NULL, NULL),
(1008, 1, 63, 50, 2, 'TEORI', '16', '13:00:00', '15:30:00', '2021-06-10', '', NULL, NULL),
(1009, 5, 64, 69, 3, 'TEORI', '1', '13:00:00', '14:40:00', '2021-02-25', '', NULL, NULL),
(1010, 5, 64, 69, 3, 'TEORI', '2', '13:00:00', '14:40:00', '2021-03-04', '', NULL, NULL),
(1011, 5, 64, 69, 3, 'TEORI', '3', '13:00:00', '14:40:00', '2021-03-11', '', NULL, NULL),
(1012, 5, 64, 69, 3, 'TEORI', '4', '13:00:00', '14:40:00', '2021-03-18', '', NULL, NULL),
(1013, 5, 64, 69, 3, 'TEORI', '5', '13:00:00', '14:40:00', '2021-03-25', '', NULL, NULL),
(1014, 5, 64, 69, 3, 'TEORI', '6', '13:00:00', '14:40:00', '2021-04-01', '', NULL, NULL),
(1015, 5, 64, 69, 3, 'TEORI', '7', '13:00:00', '14:40:00', '2021-04-08', '', NULL, NULL),
(1016, 5, 64, 69, 3, 'TEORI', '8', '13:00:00', '14:40:00', '2021-04-15', '', NULL, NULL),
(1017, 5, 64, 69, 3, 'TEORI', '9', '13:00:00', '14:40:00', '2021-04-22', '', NULL, NULL),
(1018, 5, 64, 69, 3, 'TEORI', '10', '13:00:00', '14:40:00', '2021-04-29', '', NULL, NULL),
(1019, 1, 64, 69, 3, 'TEORI', '11', '13:00:00', '14:40:00', '2021-05-06', '', NULL, NULL),
(1020, 1, 64, 69, 3, 'TEORI', '12', '13:00:00', '14:40:00', '2021-05-13', '', NULL, NULL),
(1021, 1, 64, 69, 3, 'TEORI', '13', '13:00:00', '14:40:00', '2021-05-20', '', NULL, NULL),
(1022, 1, 64, 69, 3, 'TEORI', '14', '13:00:00', '14:40:00', '2021-05-27', '', NULL, NULL),
(1023, 1, 64, 69, 3, 'TEORI', '15', '13:00:00', '14:40:00', '2021-06-03', '', NULL, NULL),
(1024, 1, 64, 69, 3, 'TEORI', '16', '13:00:00', '14:40:00', '2021-06-10', '', NULL, NULL),
(1025, 5, 65, 45, 4, 'TEORI', '1', '13:00:00', '14:40:00', '2021-02-25', '', NULL, NULL),
(1026, 5, 65, 45, 4, 'TEORI', '2', '13:00:00', '14:40:00', '2021-03-04', '', NULL, NULL),
(1027, 5, 65, 45, 4, 'TEORI', '3', '13:00:00', '14:40:00', '2021-03-11', '', NULL, NULL),
(1028, 5, 65, 45, 4, 'TEORI', '4', '13:00:00', '14:40:00', '2021-03-18', '', NULL, NULL),
(1029, 5, 65, 45, 4, 'TEORI', '5', '13:00:00', '14:40:00', '2021-03-25', '', NULL, NULL),
(1030, 5, 65, 45, 4, 'TEORI', '6', '13:00:00', '14:40:00', '2021-04-01', '', NULL, NULL),
(1031, 5, 65, 45, 4, 'TEORI', '7', '13:00:00', '14:40:00', '2021-04-08', '', NULL, NULL),
(1032, 5, 65, 45, 4, 'TEORI', '8', '13:00:00', '14:40:00', '2021-04-15', '', NULL, NULL),
(1033, 5, 65, 45, 4, 'TEORI', '9', '13:00:00', '14:40:00', '2021-04-22', '', NULL, NULL),
(1034, 5, 65, 45, 4, 'TEORI', '10', '13:00:00', '14:40:00', '2021-04-29', '', NULL, NULL),
(1035, 1, 65, 45, 4, 'TEORI', '11', '13:00:00', '14:40:00', '2021-05-06', '', NULL, NULL),
(1036, 1, 65, 45, 4, 'TEORI', '12', '13:00:00', '14:40:00', '2021-05-13', '', NULL, NULL),
(1037, 1, 65, 45, 4, 'TEORI', '13', '13:00:00', '14:40:00', '2021-05-20', '', NULL, NULL),
(1038, 1, 65, 45, 4, 'TEORI', '14', '13:00:00', '14:40:00', '2021-05-27', '', NULL, NULL),
(1039, 1, 65, 45, 4, 'TEORI', '15', '13:00:00', '14:40:00', '2021-06-03', '', NULL, NULL),
(1040, 1, 65, 45, 4, 'TEORI', '16', '13:00:00', '14:40:00', '2021-06-10', '', NULL, NULL),
(1041, 5, 66, 45, 4, 'LAB', '1', '14:40:00', '16:20:00', '2021-02-25', '', NULL, NULL),
(1042, 5, 66, 45, 4, 'LAB', '2', '14:40:00', '16:20:00', '2021-03-04', '', NULL, NULL),
(1043, 5, 66, 45, 4, 'LAB', '3', '14:40:00', '16:20:00', '2021-03-11', '', NULL, NULL),
(1044, 5, 66, 45, 4, 'LAB', '4', '14:40:00', '16:20:00', '2021-03-18', '', NULL, NULL),
(1045, 5, 66, 45, 4, 'LAB', '5', '14:40:00', '16:20:00', '2021-03-25', '', NULL, NULL),
(1046, 5, 66, 45, 4, 'LAB', '6', '14:40:00', '16:20:00', '2021-04-01', '', NULL, NULL),
(1047, 5, 66, 45, 4, 'LAB', '7', '14:40:00', '16:20:00', '2021-04-08', '', NULL, NULL),
(1048, 5, 66, 45, 4, 'LAB', '8', '14:40:00', '16:20:00', '2021-04-15', '', NULL, NULL),
(1049, 5, 66, 45, 4, 'LAB', '9', '14:40:00', '16:20:00', '2021-04-22', '', NULL, NULL),
(1050, 5, 66, 45, 4, 'LAB', '10', '14:40:00', '16:20:00', '2021-04-29', '', NULL, NULL),
(1051, 1, 66, 45, 4, 'LAB', '11', '14:40:00', '16:20:00', '2021-05-06', '', NULL, NULL),
(1052, 1, 66, 45, 4, 'LAB', '12', '14:40:00', '16:20:00', '2021-05-13', '', NULL, NULL),
(1053, 1, 66, 45, 4, 'LAB', '13', '14:40:00', '16:20:00', '2021-05-20', '', NULL, NULL),
(1054, 1, 66, 45, 4, 'LAB', '14', '14:40:00', '16:20:00', '2021-05-27', '', NULL, NULL),
(1055, 1, 66, 45, 4, 'LAB', '15', '14:40:00', '16:20:00', '2021-06-03', '', NULL, NULL),
(1056, 1, 66, 45, 4, 'LAB', '16', '14:40:00', '16:20:00', '2021-06-10', '', NULL, NULL),
(1057, 5, 67, 18, 6, 'TEORI', '1', '07:30:00', '09:10:00', '2021-02-26', '', NULL, NULL),
(1058, 5, 67, 18, 6, 'TEORI', '2', '07:30:00', '09:10:00', '2021-03-05', '', NULL, NULL),
(1059, 5, 67, 18, 6, 'TEORI', '3', '07:30:00', '09:10:00', '2021-03-12', '', NULL, NULL),
(1060, 5, 67, 18, 6, 'TEORI', '4', '07:30:00', '09:10:00', '2021-03-19', '', NULL, NULL),
(1061, 5, 67, 18, 6, 'TEORI', '5', '07:30:00', '09:10:00', '2021-03-26', '', NULL, NULL),
(1062, 5, 67, 18, 6, 'TEORI', '6', '07:30:00', '09:10:00', '2021-04-02', '', NULL, NULL),
(1063, 5, 67, 18, 6, 'TEORI', '7', '07:30:00', '09:10:00', '2021-04-09', '', NULL, NULL),
(1064, 5, 67, 18, 6, 'TEORI', '8', '07:30:00', '09:10:00', '2021-04-16', '', NULL, NULL),
(1065, 5, 67, 18, 6, 'TEORI', '9', '07:30:00', '09:10:00', '2021-04-23', '', NULL, NULL),
(1066, 5, 67, 18, 6, 'TEORI', '10', '07:30:00', '09:10:00', '2021-04-30', '', NULL, NULL),
(1067, 1, 67, 18, 6, 'TEORI', '11', '07:30:00', '09:10:00', '2021-05-07', '', NULL, NULL),
(1068, 1, 67, 18, 6, 'TEORI', '12', '07:30:00', '09:10:00', '2021-05-14', '', NULL, NULL),
(1069, 1, 67, 18, 6, 'TEORI', '13', '07:30:00', '09:10:00', '2021-05-21', '', NULL, NULL),
(1070, 1, 67, 18, 6, 'TEORI', '14', '07:30:00', '09:10:00', '2021-05-28', '', NULL, NULL),
(1071, 1, 67, 18, 6, 'TEORI', '15', '07:30:00', '09:10:00', '2021-06-04', '', NULL, NULL),
(1072, 1, 67, 18, 6, 'TEORI', '16', '07:30:00', '09:10:00', '2021-06-11', '', NULL, NULL),
(1073, 5, 68, 18, 6, 'LAB', '1', '09:10:00', '10:50:00', '2021-02-26', '', NULL, NULL),
(1074, 5, 68, 18, 6, 'LAB', '2', '09:10:00', '10:50:00', '2021-03-05', '', NULL, NULL),
(1075, 5, 68, 18, 6, 'LAB', '3', '09:10:00', '10:50:00', '2021-03-12', '', NULL, NULL),
(1076, 5, 68, 18, 6, 'LAB', '4', '09:10:00', '10:50:00', '2021-03-19', '', NULL, NULL),
(1077, 5, 68, 18, 6, 'LAB', '5', '09:10:00', '10:50:00', '2021-03-26', '', NULL, NULL),
(1078, 5, 68, 18, 6, 'LAB', '6', '09:10:00', '10:50:00', '2021-04-02', '', NULL, NULL),
(1079, 5, 68, 18, 6, 'LAB', '7', '09:10:00', '10:50:00', '2021-04-09', '', NULL, NULL),
(1080, 5, 68, 18, 6, 'LAB', '8', '09:10:00', '10:50:00', '2021-04-16', '', NULL, NULL),
(1081, 5, 68, 18, 6, 'LAB', '9', '09:10:00', '10:50:00', '2021-04-23', '', NULL, NULL),
(1082, 5, 68, 18, 6, 'LAB', '10', '09:10:00', '10:50:00', '2021-04-30', '', NULL, NULL),
(1083, 1, 68, 18, 6, 'LAB', '11', '09:10:00', '10:50:00', '2021-05-07', '', NULL, NULL),
(1084, 1, 68, 18, 6, 'LAB', '12', '09:10:00', '10:50:00', '2021-05-14', '', NULL, NULL),
(1085, 1, 68, 18, 6, 'LAB', '13', '09:10:00', '10:50:00', '2021-05-21', '', NULL, NULL),
(1086, 1, 68, 18, 6, 'LAB', '14', '09:10:00', '10:50:00', '2021-05-28', '', NULL, NULL),
(1087, 1, 68, 18, 6, 'LAB', '15', '09:10:00', '10:50:00', '2021-06-04', '', NULL, NULL),
(1088, 1, 68, 18, 6, 'LAB', '16', '09:10:00', '10:50:00', '2021-06-11', '', NULL, NULL),
(1089, 5, 69, 28, 8, 'TEORI', '1', '07:30:00', '10:00:00', '2021-02-26', '', NULL, NULL),
(1090, 5, 69, 28, 8, 'TEORI', '2', '07:30:00', '10:00:00', '2021-03-05', '', NULL, NULL),
(1091, 5, 69, 28, 8, 'TEORI', '3', '07:30:00', '10:00:00', '2021-03-12', '', NULL, NULL),
(1092, 5, 69, 28, 8, 'TEORI', '4', '07:30:00', '10:00:00', '2021-03-19', '', NULL, NULL),
(1093, 5, 69, 28, 8, 'TEORI', '5', '07:30:00', '10:00:00', '2021-03-26', '', NULL, NULL),
(1094, 5, 69, 28, 8, 'TEORI', '6', '07:30:00', '10:00:00', '2021-04-02', '', NULL, NULL),
(1095, 5, 69, 28, 8, 'TEORI', '7', '07:30:00', '10:00:00', '2021-04-09', '', NULL, NULL),
(1096, 5, 69, 28, 8, 'TEORI', '8', '07:30:00', '10:00:00', '2021-04-16', '', NULL, NULL),
(1097, 5, 69, 28, 8, 'TEORI', '9', '07:30:00', '10:00:00', '2021-04-23', '', NULL, NULL),
(1098, 5, 69, 28, 8, 'TEORI', '10', '07:30:00', '10:00:00', '2021-04-30', '', NULL, NULL),
(1099, 1, 69, 28, 8, 'TEORI', '11', '07:30:00', '10:00:00', '2021-05-07', '', NULL, NULL),
(1100, 1, 69, 28, 8, 'TEORI', '12', '07:30:00', '10:00:00', '2021-05-14', '', NULL, NULL),
(1101, 1, 69, 28, 8, 'TEORI', '13', '07:30:00', '10:00:00', '2021-05-21', '', NULL, NULL),
(1102, 1, 69, 28, 8, 'TEORI', '14', '07:30:00', '10:00:00', '2021-05-28', '', NULL, NULL),
(1103, 1, 69, 28, 8, 'TEORI', '15', '07:30:00', '10:00:00', '2021-06-04', '', NULL, NULL),
(1104, 1, 69, 28, 8, 'TEORI', '16', '07:30:00', '10:00:00', '2021-06-11', '', NULL, NULL),
(1105, 5, 70, 28, 8, 'LAB', '1', '10:00:00', '11:30:00', '2021-02-26', '', NULL, NULL),
(1106, 5, 70, 28, 8, 'LAB', '2', '10:00:00', '11:30:00', '2021-03-05', '', NULL, NULL),
(1107, 5, 70, 28, 8, 'LAB', '3', '10:00:00', '11:30:00', '2021-03-12', '', NULL, NULL),
(1108, 5, 70, 28, 8, 'LAB', '4', '10:00:00', '11:30:00', '2021-03-19', '', NULL, NULL),
(1109, 5, 70, 28, 8, 'LAB', '5', '10:00:00', '11:30:00', '2021-03-26', '', NULL, NULL),
(1110, 5, 70, 28, 8, 'LAB', '6', '10:00:00', '11:30:00', '2021-04-02', '', NULL, NULL),
(1111, 5, 70, 28, 8, 'LAB', '7', '10:00:00', '11:30:00', '2021-04-09', '', NULL, NULL),
(1112, 5, 70, 28, 8, 'LAB', '8', '10:00:00', '11:30:00', '2021-04-16', '', NULL, NULL),
(1113, 5, 70, 28, 8, 'LAB', '9', '10:00:00', '11:30:00', '2021-04-23', '', NULL, NULL),
(1114, 5, 70, 28, 8, 'LAB', '10', '10:00:00', '11:30:00', '2021-04-30', '', NULL, NULL),
(1115, 1, 70, 28, 8, 'LAB', '11', '10:00:00', '11:30:00', '2021-05-07', '', NULL, NULL),
(1116, 1, 70, 28, 8, 'LAB', '12', '10:00:00', '11:30:00', '2021-05-14', '', NULL, NULL),
(1117, 1, 70, 28, 8, 'LAB', '13', '10:00:00', '11:30:00', '2021-05-21', '', NULL, NULL),
(1118, 1, 70, 28, 8, 'LAB', '14', '10:00:00', '11:30:00', '2021-05-28', '', NULL, NULL),
(1119, 1, 70, 28, 8, 'LAB', '15', '10:00:00', '11:30:00', '2021-06-04', '', NULL, NULL),
(1120, 1, 70, 28, 8, 'LAB', '16', '10:00:00', '11:30:00', '2021-06-11', '', NULL, NULL),
(1121, 5, 71, 13, 10, 'TEORI', '1', '08:00:00', '10:30:00', '2021-02-26', '', NULL, NULL),
(1122, 5, 71, 13, 10, 'TEORI', '2', '08:00:00', '10:30:00', '2021-03-05', '', NULL, NULL),
(1123, 5, 71, 13, 10, 'TEORI', '3', '08:00:00', '10:30:00', '2021-03-12', '', NULL, NULL),
(1124, 5, 71, 13, 10, 'TEORI', '4', '08:00:00', '10:30:00', '2021-03-19', '', NULL, NULL),
(1125, 5, 71, 13, 10, 'TEORI', '5', '08:00:00', '10:30:00', '2021-03-26', '', NULL, NULL),
(1126, 5, 71, 13, 10, 'TEORI', '6', '08:00:00', '10:30:00', '2021-04-02', '', NULL, NULL),
(1127, 5, 71, 13, 10, 'TEORI', '7', '08:00:00', '10:30:00', '2021-04-09', '', NULL, NULL),
(1128, 5, 71, 13, 10, 'TEORI', '8', '08:00:00', '10:30:00', '2021-04-16', '', NULL, NULL),
(1129, 5, 71, 13, 10, 'TEORI', '9', '08:00:00', '10:30:00', '2021-04-23', '', NULL, NULL),
(1130, 5, 71, 13, 10, 'TEORI', '10', '08:00:00', '10:30:00', '2021-04-30', '', NULL, NULL),
(1131, 1, 71, 13, 10, 'TEORI', '11', '08:00:00', '10:30:00', '2021-05-07', '', NULL, NULL),
(1132, 1, 71, 13, 10, 'TEORI', '12', '08:00:00', '10:30:00', '2021-05-14', '', NULL, NULL),
(1133, 1, 71, 13, 10, 'TEORI', '13', '08:00:00', '10:30:00', '2021-05-21', '', NULL, NULL),
(1134, 1, 71, 13, 10, 'TEORI', '14', '08:00:00', '10:30:00', '2021-05-28', '', NULL, NULL),
(1135, 1, 71, 13, 10, 'TEORI', '15', '08:00:00', '10:30:00', '2021-06-04', '', NULL, NULL),
(1136, 1, 71, 13, 10, 'TEORI', '16', '08:00:00', '10:30:00', '2021-06-11', '', NULL, NULL),
(1137, 5, 72, 20, 11, 'TEORI', '1', '08:00:00', '10:30:00', '2021-02-26', '', NULL, NULL),
(1138, 5, 72, 20, 11, 'TEORI', '2', '08:00:00', '10:30:00', '2021-03-05', '', NULL, NULL),
(1139, 5, 72, 20, 11, 'TEORI', '3', '08:00:00', '10:30:00', '2021-03-12', '', NULL, NULL),
(1140, 5, 72, 20, 11, 'TEORI', '4', '08:00:00', '10:30:00', '2021-03-19', '', NULL, NULL),
(1141, 5, 72, 20, 11, 'TEORI', '5', '08:00:00', '10:30:00', '2021-03-26', '', NULL, NULL),
(1142, 5, 72, 20, 11, 'TEORI', '6', '08:00:00', '10:30:00', '2021-04-02', '', NULL, NULL);
INSERT INTO `sesi_kelas` (`id`, `id_status`, `id_jadwal`, `id_matkul`, `id_ruang`, `jenis_kelas`, `sesi`, `waktu_mulai`, `waktu_selesai`, `tanggal`, `remarks`, `created_at`, `updated_at`) VALUES
(1143, 5, 72, 20, 11, 'TEORI', '7', '08:00:00', '10:30:00', '2021-04-09', '', NULL, NULL),
(1144, 5, 72, 20, 11, 'TEORI', '8', '08:00:00', '10:30:00', '2021-04-16', '', NULL, NULL),
(1145, 5, 72, 20, 11, 'TEORI', '9', '08:00:00', '10:30:00', '2021-04-23', '', NULL, NULL),
(1146, 5, 72, 20, 11, 'TEORI', '10', '08:00:00', '10:30:00', '2021-04-30', '', NULL, NULL),
(1147, 1, 72, 20, 11, 'TEORI', '11', '08:00:00', '10:30:00', '2021-05-07', '', NULL, NULL),
(1148, 1, 72, 20, 11, 'TEORI', '12', '08:00:00', '10:30:00', '2021-05-14', '', NULL, NULL),
(1149, 1, 72, 20, 11, 'TEORI', '13', '08:00:00', '10:30:00', '2021-05-21', '', NULL, NULL),
(1150, 1, 72, 20, 11, 'TEORI', '14', '08:00:00', '10:30:00', '2021-05-28', '', NULL, NULL),
(1151, 1, 72, 20, 11, 'TEORI', '15', '08:00:00', '10:30:00', '2021-06-04', '', NULL, NULL),
(1152, 1, 72, 20, 11, 'TEORI', '16', '08:00:00', '10:30:00', '2021-06-11', '', NULL, NULL),
(1153, 5, 73, 63, 12, 'TEORI', '1', '08:00:00', '10:30:00', '2021-02-26', '', NULL, NULL),
(1154, 5, 73, 63, 12, 'TEORI', '2', '08:00:00', '10:30:00', '2021-03-05', '', NULL, NULL),
(1155, 5, 73, 63, 12, 'TEORI', '3', '08:00:00', '10:30:00', '2021-03-12', '', NULL, NULL),
(1156, 5, 73, 63, 12, 'TEORI', '4', '08:00:00', '10:30:00', '2021-03-19', '', NULL, NULL),
(1157, 5, 73, 63, 12, 'TEORI', '5', '08:00:00', '10:30:00', '2021-03-26', '', NULL, NULL),
(1158, 5, 73, 63, 12, 'TEORI', '6', '08:00:00', '10:30:00', '2021-04-02', '', NULL, NULL),
(1159, 5, 73, 63, 12, 'TEORI', '7', '08:00:00', '10:30:00', '2021-04-09', '', NULL, NULL),
(1160, 5, 73, 63, 12, 'TEORI', '8', '08:00:00', '10:30:00', '2021-04-16', '', NULL, NULL),
(1161, 5, 73, 63, 12, 'TEORI', '9', '08:00:00', '10:30:00', '2021-04-23', '', NULL, NULL),
(1162, 5, 73, 63, 12, 'TEORI', '10', '08:00:00', '10:30:00', '2021-04-30', '', NULL, NULL),
(1163, 1, 73, 63, 12, 'TEORI', '11', '08:00:00', '10:30:00', '2021-05-07', '', NULL, NULL),
(1164, 1, 73, 63, 12, 'TEORI', '12', '08:00:00', '10:30:00', '2021-05-14', '', NULL, NULL),
(1165, 1, 73, 63, 12, 'TEORI', '13', '08:00:00', '10:30:00', '2021-05-21', '', NULL, NULL),
(1166, 1, 73, 63, 12, 'TEORI', '14', '08:00:00', '10:30:00', '2021-05-28', '', NULL, NULL),
(1167, 1, 73, 63, 12, 'TEORI', '15', '08:00:00', '10:30:00', '2021-06-04', '', NULL, NULL),
(1168, 1, 73, 63, 12, 'TEORI', '16', '08:00:00', '10:30:00', '2021-06-11', '', NULL, NULL),
(1169, 5, 74, 34, 1, 'TEORI', '1', '08:00:00', '10:30:00', '2021-02-26', '', NULL, NULL),
(1170, 5, 74, 34, 1, 'TEORI', '2', '08:00:00', '10:30:00', '2021-03-05', '', NULL, NULL),
(1171, 5, 74, 34, 1, 'TEORI', '3', '08:00:00', '10:30:00', '2021-03-12', '', NULL, NULL),
(1172, 5, 74, 34, 1, 'TEORI', '4', '08:00:00', '10:30:00', '2021-03-19', '', NULL, NULL),
(1173, 5, 74, 34, 1, 'TEORI', '5', '08:00:00', '10:30:00', '2021-03-26', '', NULL, NULL),
(1174, 5, 74, 34, 1, 'TEORI', '6', '08:00:00', '10:30:00', '2021-04-02', '', NULL, NULL),
(1175, 5, 74, 34, 1, 'TEORI', '7', '08:00:00', '10:30:00', '2021-04-09', '', NULL, NULL),
(1176, 5, 74, 34, 1, 'TEORI', '8', '08:00:00', '10:30:00', '2021-04-16', '', NULL, NULL),
(1177, 5, 74, 34, 1, 'TEORI', '9', '08:00:00', '10:30:00', '2021-04-23', '', NULL, NULL),
(1178, 5, 74, 34, 1, 'TEORI', '10', '08:00:00', '10:30:00', '2021-04-30', '', NULL, NULL),
(1179, 1, 74, 34, 1, 'TEORI', '11', '08:00:00', '10:30:00', '2021-05-07', '', NULL, NULL),
(1180, 1, 74, 34, 1, 'TEORI', '12', '08:00:00', '10:30:00', '2021-05-14', '', NULL, NULL),
(1181, 1, 74, 34, 1, 'TEORI', '13', '08:00:00', '10:30:00', '2021-05-21', '', NULL, NULL),
(1182, 1, 74, 34, 1, 'TEORI', '14', '08:00:00', '10:30:00', '2021-05-28', '', NULL, NULL),
(1183, 1, 74, 34, 1, 'TEORI', '15', '08:00:00', '10:30:00', '2021-06-04', '', NULL, NULL),
(1184, 1, 74, 34, 1, 'TEORI', '16', '08:00:00', '10:30:00', '2021-06-11', '', NULL, NULL),
(1185, 5, 75, 52, 2, 'TEORI', '1', '08:00:00', '10:30:00', '2021-02-26', '', NULL, NULL),
(1186, 5, 75, 52, 2, 'TEORI', '2', '08:00:00', '10:30:00', '2021-03-05', '', NULL, NULL),
(1187, 5, 75, 52, 2, 'TEORI', '3', '08:00:00', '10:30:00', '2021-03-12', '', NULL, NULL),
(1188, 5, 75, 52, 2, 'TEORI', '4', '08:00:00', '10:30:00', '2021-03-19', '', NULL, NULL),
(1189, 5, 75, 52, 2, 'TEORI', '5', '08:00:00', '10:30:00', '2021-03-26', '', NULL, NULL),
(1190, 5, 75, 52, 2, 'TEORI', '6', '08:00:00', '10:30:00', '2021-04-02', '', NULL, NULL),
(1191, 5, 75, 52, 2, 'TEORI', '7', '08:00:00', '10:30:00', '2021-04-09', '', NULL, NULL),
(1192, 5, 75, 52, 2, 'TEORI', '8', '08:00:00', '10:30:00', '2021-04-16', '', NULL, NULL),
(1193, 5, 75, 52, 2, 'TEORI', '9', '08:00:00', '10:30:00', '2021-04-23', '', NULL, NULL),
(1194, 5, 75, 52, 2, 'TEORI', '10', '08:00:00', '10:30:00', '2021-04-30', '', NULL, NULL),
(1195, 1, 75, 52, 2, 'TEORI', '11', '08:00:00', '10:30:00', '2021-05-07', '', NULL, NULL),
(1196, 1, 75, 52, 2, 'TEORI', '12', '08:00:00', '10:30:00', '2021-05-14', '', NULL, NULL),
(1197, 1, 75, 52, 2, 'TEORI', '13', '08:00:00', '10:30:00', '2021-05-21', '', NULL, NULL),
(1198, 1, 75, 52, 2, 'TEORI', '14', '08:00:00', '10:30:00', '2021-05-28', '', NULL, NULL),
(1199, 1, 75, 52, 2, 'TEORI', '15', '08:00:00', '10:30:00', '2021-06-04', '', NULL, NULL),
(1200, 1, 75, 52, 2, 'TEORI', '16', '08:00:00', '10:30:00', '2021-06-11', '', NULL, NULL),
(1201, 5, 76, 54, 3, 'TEORI', '1', '08:00:00', '10:30:00', '2021-02-26', '', NULL, NULL),
(1202, 5, 76, 54, 3, 'TEORI', '2', '08:00:00', '10:30:00', '2021-03-05', '', NULL, NULL),
(1203, 5, 76, 54, 3, 'TEORI', '3', '08:00:00', '10:30:00', '2021-03-12', '', NULL, NULL),
(1204, 5, 76, 54, 3, 'TEORI', '4', '08:00:00', '10:30:00', '2021-03-19', '', NULL, NULL),
(1205, 5, 76, 54, 3, 'TEORI', '5', '08:00:00', '10:30:00', '2021-03-26', '', NULL, NULL),
(1206, 5, 76, 54, 3, 'TEORI', '6', '08:00:00', '10:30:00', '2021-04-02', '', NULL, NULL),
(1207, 5, 76, 54, 3, 'TEORI', '7', '08:00:00', '10:30:00', '2021-04-09', '', NULL, NULL),
(1208, 5, 76, 54, 3, 'TEORI', '8', '08:00:00', '10:30:00', '2021-04-16', '', NULL, NULL),
(1209, 5, 76, 54, 3, 'TEORI', '9', '08:00:00', '10:30:00', '2021-04-23', '', NULL, NULL),
(1210, 5, 76, 54, 3, 'TEORI', '10', '08:00:00', '10:30:00', '2021-04-30', '', NULL, NULL),
(1211, 1, 76, 54, 3, 'TEORI', '11', '08:00:00', '10:30:00', '2021-05-07', '', NULL, NULL),
(1212, 1, 76, 54, 3, 'TEORI', '12', '08:00:00', '10:30:00', '2021-05-14', '', NULL, NULL),
(1213, 1, 76, 54, 3, 'TEORI', '13', '08:00:00', '10:30:00', '2021-05-21', '', NULL, NULL),
(1214, 1, 76, 54, 3, 'TEORI', '14', '08:00:00', '10:30:00', '2021-05-28', '', NULL, NULL),
(1215, 1, 76, 54, 3, 'TEORI', '15', '08:00:00', '10:30:00', '2021-06-04', '', NULL, NULL),
(1216, 1, 76, 54, 3, 'TEORI', '16', '08:00:00', '10:30:00', '2021-06-11', '', NULL, NULL),
(1217, 5, 77, 71, 4, 'TEORI', '1', '13:30:00', '16:00:00', '2021-02-26', '', NULL, NULL),
(1218, 5, 77, 71, 4, 'TEORI', '2', '13:30:00', '16:00:00', '2021-03-05', '', NULL, NULL),
(1219, 5, 77, 71, 4, 'TEORI', '3', '13:30:00', '16:00:00', '2021-03-12', '', NULL, NULL),
(1220, 5, 77, 71, 4, 'TEORI', '4', '13:30:00', '16:00:00', '2021-03-19', '', NULL, NULL),
(1221, 5, 77, 71, 4, 'TEORI', '5', '13:30:00', '16:00:00', '2021-03-26', '', NULL, NULL),
(1222, 5, 77, 71, 4, 'TEORI', '6', '13:30:00', '16:00:00', '2021-04-02', '', NULL, NULL),
(1223, 5, 77, 71, 4, 'TEORI', '7', '13:30:00', '16:00:00', '2021-04-09', '', NULL, NULL),
(1224, 5, 77, 71, 4, 'TEORI', '8', '13:30:00', '16:00:00', '2021-04-16', '', NULL, NULL),
(1225, 5, 77, 71, 4, 'TEORI', '9', '13:30:00', '16:00:00', '2021-04-23', '', NULL, NULL),
(1226, 5, 77, 71, 4, 'TEORI', '10', '13:30:00', '16:00:00', '2021-04-30', '', NULL, NULL),
(1227, 1, 77, 71, 4, 'TEORI', '11', '13:30:00', '16:00:00', '2021-05-07', '', NULL, NULL),
(1228, 1, 77, 71, 4, 'TEORI', '12', '13:30:00', '16:00:00', '2021-05-14', '', NULL, NULL),
(1229, 1, 77, 71, 4, 'TEORI', '13', '13:30:00', '16:00:00', '2021-05-21', '', NULL, NULL),
(1230, 1, 77, 71, 4, 'TEORI', '14', '13:30:00', '16:00:00', '2021-05-28', '', NULL, NULL),
(1231, 1, 77, 71, 4, 'TEORI', '15', '13:30:00', '16:00:00', '2021-06-04', '', NULL, NULL),
(1232, 1, 77, 71, 4, 'TEORI', '16', '13:30:00', '16:00:00', '2021-06-11', '', NULL, NULL),
(1233, 5, 78, 64, 5, 'TEORI', '1', '13:30:00', '16:00:00', '2021-02-26', '', NULL, NULL),
(1234, 5, 78, 64, 5, 'TEORI', '2', '13:30:00', '16:00:00', '2021-03-05', '', NULL, NULL),
(1235, 5, 78, 64, 5, 'TEORI', '3', '13:30:00', '16:00:00', '2021-03-12', '', NULL, NULL),
(1236, 5, 78, 64, 5, 'TEORI', '4', '13:30:00', '16:00:00', '2021-03-19', '', NULL, NULL),
(1237, 5, 78, 64, 5, 'TEORI', '5', '13:30:00', '16:00:00', '2021-03-26', '', NULL, NULL),
(1238, 5, 78, 64, 5, 'TEORI', '6', '13:30:00', '16:00:00', '2021-04-02', '', NULL, NULL),
(1239, 5, 78, 64, 5, 'TEORI', '7', '13:30:00', '16:00:00', '2021-04-09', '', NULL, NULL),
(1240, 5, 78, 64, 5, 'TEORI', '8', '13:30:00', '16:00:00', '2021-04-16', '', NULL, NULL),
(1241, 5, 78, 64, 5, 'TEORI', '9', '13:30:00', '16:00:00', '2021-04-23', '', NULL, NULL),
(1242, 5, 78, 64, 5, 'TEORI', '10', '13:30:00', '16:00:00', '2021-04-30', '', NULL, NULL),
(1243, 1, 78, 64, 5, 'TEORI', '11', '13:30:00', '16:00:00', '2021-05-07', '', NULL, NULL),
(1244, 1, 78, 64, 5, 'TEORI', '12', '13:30:00', '16:00:00', '2021-05-14', '', NULL, NULL),
(1245, 1, 78, 64, 5, 'TEORI', '13', '13:30:00', '16:00:00', '2021-05-21', '', NULL, NULL),
(1246, 1, 78, 64, 5, 'TEORI', '14', '13:30:00', '16:00:00', '2021-05-28', '', NULL, NULL),
(1247, 1, 78, 64, 5, 'TEORI', '15', '13:30:00', '16:00:00', '2021-06-04', '', NULL, NULL),
(1248, 1, 78, 64, 5, 'TEORI', '16', '13:30:00', '16:00:00', '2021-06-11', '', NULL, NULL),
(1249, 5, 79, 46, 6, 'TEORI', '1', '13:20:00', '15:00:00', '2021-02-26', '', NULL, NULL),
(1250, 5, 79, 46, 6, 'TEORI', '2', '13:20:00', '15:00:00', '2021-03-05', '', NULL, NULL),
(1251, 5, 79, 46, 6, 'TEORI', '3', '13:20:00', '15:00:00', '2021-03-12', '', NULL, NULL),
(1252, 5, 79, 46, 6, 'TEORI', '4', '13:20:00', '15:00:00', '2021-03-19', '', NULL, NULL),
(1253, 5, 79, 46, 6, 'TEORI', '5', '13:20:00', '15:00:00', '2021-03-26', '', NULL, NULL),
(1254, 5, 79, 46, 6, 'TEORI', '6', '13:20:00', '15:00:00', '2021-04-02', '', NULL, NULL),
(1255, 5, 79, 46, 6, 'TEORI', '7', '13:20:00', '15:00:00', '2021-04-09', '', NULL, NULL),
(1256, 5, 79, 46, 6, 'TEORI', '8', '13:20:00', '15:00:00', '2021-04-16', '', NULL, NULL),
(1257, 5, 79, 46, 6, 'TEORI', '9', '13:20:00', '15:00:00', '2021-04-23', '', NULL, NULL),
(1258, 5, 79, 46, 6, 'TEORI', '10', '13:20:00', '15:00:00', '2021-04-30', '', NULL, NULL),
(1259, 1, 79, 46, 6, 'TEORI', '11', '13:20:00', '15:00:00', '2021-05-07', '', NULL, NULL),
(1260, 1, 79, 46, 6, 'TEORI', '12', '13:20:00', '15:00:00', '2021-05-14', '', NULL, NULL),
(1261, 1, 79, 46, 6, 'TEORI', '13', '13:20:00', '15:00:00', '2021-05-21', '', NULL, NULL),
(1262, 1, 79, 46, 6, 'TEORI', '14', '13:20:00', '15:00:00', '2021-05-28', '', NULL, NULL),
(1263, 1, 79, 46, 6, 'TEORI', '15', '13:20:00', '15:00:00', '2021-06-04', '', NULL, NULL),
(1264, 1, 79, 46, 6, 'TEORI', '16', '13:20:00', '15:00:00', '2021-06-11', '', NULL, NULL),
(1265, 5, 80, 46, 6, 'LAB', '1', '15:00:00', '16:40:00', '2021-02-26', '', NULL, NULL),
(1266, 5, 80, 46, 6, 'LAB', '2', '15:00:00', '16:40:00', '2021-03-05', '', NULL, NULL),
(1267, 5, 80, 46, 6, 'LAB', '3', '15:00:00', '16:40:00', '2021-03-12', '', NULL, NULL),
(1268, 5, 80, 46, 6, 'LAB', '4', '15:00:00', '16:40:00', '2021-03-19', '', NULL, NULL),
(1269, 5, 80, 46, 6, 'LAB', '5', '15:00:00', '16:40:00', '2021-03-26', '', NULL, NULL),
(1270, 5, 80, 46, 6, 'LAB', '6', '15:00:00', '16:40:00', '2021-04-02', '', NULL, NULL),
(1271, 5, 80, 46, 6, 'LAB', '7', '15:00:00', '16:40:00', '2021-04-09', '', NULL, NULL),
(1272, 5, 80, 46, 6, 'LAB', '8', '15:00:00', '16:40:00', '2021-04-16', '', NULL, NULL),
(1273, 5, 80, 46, 6, 'LAB', '9', '15:00:00', '16:40:00', '2021-04-23', '', NULL, NULL),
(1274, 5, 80, 46, 6, 'LAB', '10', '15:00:00', '16:40:00', '2021-04-30', '', NULL, NULL),
(1275, 1, 80, 46, 6, 'LAB', '11', '15:00:00', '16:40:00', '2021-05-07', '', NULL, NULL),
(1276, 1, 80, 46, 6, 'LAB', '12', '15:00:00', '16:40:00', '2021-05-14', '', NULL, NULL),
(1277, 1, 80, 46, 6, 'LAB', '13', '15:00:00', '16:40:00', '2021-05-21', '', NULL, NULL),
(1278, 1, 80, 46, 6, 'LAB', '14', '15:00:00', '16:40:00', '2021-05-28', '', NULL, NULL),
(1279, 1, 80, 46, 6, 'LAB', '15', '15:00:00', '16:40:00', '2021-06-04', '', NULL, NULL),
(1280, 1, 80, 46, 6, 'LAB', '16', '15:00:00', '16:40:00', '2021-06-11', '', NULL, NULL),
(1281, 5, 81, 7, 8, 'TEORI', '1', '13:30:00', '16:00:00', '2021-02-26', '', NULL, NULL),
(1282, 5, 81, 7, 8, 'TEORI', '2', '13:30:00', '16:00:00', '2021-03-05', '', NULL, NULL),
(1283, 5, 81, 7, 8, 'TEORI', '3', '13:30:00', '16:00:00', '2021-03-12', '', NULL, NULL),
(1284, 5, 81, 7, 8, 'TEORI', '4', '13:30:00', '16:00:00', '2021-03-19', '', NULL, NULL),
(1285, 5, 81, 7, 8, 'TEORI', '5', '13:30:00', '16:00:00', '2021-03-26', '', NULL, NULL),
(1286, 5, 81, 7, 8, 'TEORI', '6', '13:30:00', '16:00:00', '2021-04-02', '', NULL, NULL),
(1287, 5, 81, 7, 8, 'TEORI', '7', '13:30:00', '16:00:00', '2021-04-09', '', NULL, NULL),
(1288, 5, 81, 7, 8, 'TEORI', '8', '13:30:00', '16:00:00', '2021-04-16', '', NULL, NULL),
(1289, 5, 81, 7, 8, 'TEORI', '9', '13:30:00', '16:00:00', '2021-04-23', '', NULL, NULL),
(1290, 5, 81, 7, 8, 'TEORI', '10', '13:30:00', '16:00:00', '2021-04-30', '', NULL, NULL),
(1291, 1, 81, 7, 8, 'TEORI', '11', '13:30:00', '16:00:00', '2021-05-07', '', NULL, NULL),
(1292, 1, 81, 7, 8, 'TEORI', '12', '13:30:00', '16:00:00', '2021-05-14', '', NULL, NULL),
(1293, 1, 81, 7, 8, 'TEORI', '13', '13:30:00', '16:00:00', '2021-05-21', '', NULL, NULL),
(1294, 1, 81, 7, 8, 'TEORI', '14', '13:30:00', '16:00:00', '2021-05-28', '', NULL, NULL),
(1295, 1, 81, 7, 8, 'TEORI', '15', '13:30:00', '16:00:00', '2021-06-04', '', NULL, NULL),
(1296, 1, 81, 7, 8, 'TEORI', '16', '13:30:00', '16:00:00', '2021-06-11', '', NULL, NULL),
(1297, 5, 82, 10, 9, 'TEORI', '1', '13:30:00', '16:00:00', '2021-02-26', '', NULL, NULL),
(1298, 5, 82, 10, 9, 'TEORI', '2', '13:30:00', '16:00:00', '2021-03-05', '', NULL, NULL),
(1299, 5, 82, 10, 9, 'TEORI', '3', '13:30:00', '16:00:00', '2021-03-12', '', NULL, NULL),
(1300, 5, 82, 10, 9, 'TEORI', '4', '13:30:00', '16:00:00', '2021-03-19', '', NULL, NULL),
(1301, 5, 82, 10, 9, 'TEORI', '5', '13:30:00', '16:00:00', '2021-03-26', '', NULL, NULL),
(1302, 5, 82, 10, 9, 'TEORI', '6', '13:30:00', '16:00:00', '2021-04-02', '', NULL, NULL),
(1303, 5, 82, 10, 9, 'TEORI', '7', '13:30:00', '16:00:00', '2021-04-09', '', NULL, NULL),
(1304, 5, 82, 10, 9, 'TEORI', '8', '13:30:00', '16:00:00', '2021-04-16', '', NULL, NULL),
(1305, 5, 82, 10, 9, 'TEORI', '9', '13:30:00', '16:00:00', '2021-04-23', '', NULL, NULL),
(1306, 5, 82, 10, 9, 'TEORI', '10', '13:30:00', '16:00:00', '2021-04-30', '', NULL, NULL),
(1307, 1, 82, 10, 9, 'TEORI', '11', '13:30:00', '16:00:00', '2021-05-07', '', NULL, NULL),
(1308, 1, 82, 10, 9, 'TEORI', '12', '13:30:00', '16:00:00', '2021-05-14', '', NULL, NULL),
(1309, 1, 82, 10, 9, 'TEORI', '13', '13:30:00', '16:00:00', '2021-05-21', '', NULL, NULL),
(1310, 1, 82, 10, 9, 'TEORI', '14', '13:30:00', '16:00:00', '2021-05-28', '', NULL, NULL),
(1311, 1, 82, 10, 9, 'TEORI', '15', '13:30:00', '16:00:00', '2021-06-04', '', NULL, NULL),
(1312, 1, 82, 10, 9, 'TEORI', '16', '13:30:00', '16:00:00', '2021-06-11', '', NULL, NULL),
(1313, 5, 83, 40, 10, 'TEORI', '1', '07:30:00', '09:10:00', '2021-02-27', '', NULL, NULL),
(1314, 5, 83, 40, 10, 'TEORI', '2', '07:30:00', '09:10:00', '2021-03-06', '', NULL, NULL),
(1315, 5, 83, 40, 10, 'TEORI', '3', '07:30:00', '09:10:00', '2021-03-13', '', NULL, NULL),
(1316, 5, 83, 40, 10, 'TEORI', '4', '07:30:00', '09:10:00', '2021-03-20', '', NULL, NULL),
(1317, 5, 83, 40, 10, 'TEORI', '5', '07:30:00', '09:10:00', '2021-03-27', '', NULL, NULL),
(1318, 5, 83, 40, 10, 'TEORI', '6', '07:30:00', '09:10:00', '2021-04-03', '', NULL, NULL),
(1319, 5, 83, 40, 10, 'TEORI', '7', '07:30:00', '09:10:00', '2021-04-10', '', NULL, NULL),
(1320, 5, 83, 40, 10, 'TEORI', '8', '07:30:00', '09:10:00', '2021-04-17', '', NULL, NULL),
(1321, 5, 83, 40, 10, 'TEORI', '9', '07:30:00', '09:10:00', '2021-04-24', '', NULL, NULL),
(1322, 5, 83, 40, 10, 'TEORI', '10', '07:30:00', '09:10:00', '2021-05-01', '', NULL, NULL),
(1323, 1, 83, 40, 10, 'TEORI', '11', '07:30:00', '09:10:00', '2021-05-08', '', NULL, NULL),
(1324, 1, 83, 40, 10, 'TEORI', '12', '07:30:00', '09:10:00', '2021-05-15', '', NULL, NULL),
(1325, 1, 83, 40, 10, 'TEORI', '13', '07:30:00', '09:10:00', '2021-05-22', '', NULL, NULL),
(1326, 1, 83, 40, 10, 'TEORI', '14', '07:30:00', '09:10:00', '2021-05-29', '', NULL, NULL),
(1327, 1, 83, 40, 10, 'TEORI', '15', '07:30:00', '09:10:00', '2021-06-05', '', NULL, NULL),
(1328, 1, 83, 40, 10, 'TEORI', '16', '07:30:00', '09:10:00', '2021-06-12', '', NULL, NULL),
(1329, 5, 84, 40, 10, 'LAB', '1', '09:40:00', '11:20:00', '2021-02-27', '', NULL, NULL),
(1330, 5, 84, 40, 10, 'LAB', '2', '09:40:00', '11:20:00', '2021-03-06', '', NULL, NULL),
(1331, 5, 84, 40, 10, 'LAB', '3', '09:40:00', '11:20:00', '2021-03-13', '', NULL, NULL),
(1332, 5, 84, 40, 10, 'LAB', '4', '09:40:00', '11:20:00', '2021-03-20', '', NULL, NULL),
(1333, 5, 84, 40, 10, 'LAB', '5', '09:40:00', '11:20:00', '2021-03-27', '', NULL, NULL),
(1334, 5, 84, 40, 10, 'LAB', '6', '09:40:00', '11:20:00', '2021-04-03', '', NULL, NULL),
(1335, 5, 84, 40, 10, 'LAB', '7', '09:40:00', '11:20:00', '2021-04-10', '', NULL, NULL),
(1336, 5, 84, 40, 10, 'LAB', '8', '09:40:00', '11:20:00', '2021-04-17', '', NULL, NULL),
(1337, 5, 84, 40, 10, 'LAB', '9', '09:40:00', '11:20:00', '2021-04-24', '', NULL, NULL),
(1338, 5, 84, 40, 10, 'LAB', '10', '09:40:00', '11:20:00', '2021-05-01', '', NULL, NULL),
(1339, 1, 84, 40, 10, 'LAB', '11', '09:40:00', '11:20:00', '2021-05-08', '', NULL, NULL),
(1340, 1, 84, 40, 10, 'LAB', '12', '09:40:00', '11:20:00', '2021-05-15', '', NULL, NULL),
(1341, 1, 84, 40, 10, 'LAB', '13', '09:40:00', '11:20:00', '2021-05-22', '', NULL, NULL),
(1342, 1, 84, 40, 10, 'LAB', '14', '09:40:00', '11:20:00', '2021-05-29', '', NULL, NULL),
(1343, 1, 84, 40, 10, 'LAB', '15', '09:40:00', '11:20:00', '2021-06-05', '', NULL, NULL),
(1344, 1, 84, 40, 10, 'LAB', '16', '09:40:00', '11:20:00', '2021-06-12', '', NULL, NULL),
(1345, 5, 85, 56, 12, 'TEORI', '1', '08:00:00', '10:30:00', '2021-02-27', '', NULL, NULL),
(1346, 5, 85, 56, 12, 'TEORI', '2', '08:00:00', '10:30:00', '2021-03-06', '', NULL, NULL),
(1347, 5, 85, 56, 12, 'TEORI', '3', '08:00:00', '10:30:00', '2021-03-13', '', NULL, NULL),
(1348, 5, 85, 56, 12, 'TEORI', '4', '08:00:00', '10:30:00', '2021-03-20', '', NULL, NULL),
(1349, 5, 85, 56, 12, 'TEORI', '5', '08:00:00', '10:30:00', '2021-03-27', '', NULL, NULL),
(1350, 5, 85, 56, 12, 'TEORI', '6', '08:00:00', '10:30:00', '2021-04-03', '', NULL, NULL),
(1351, 5, 85, 56, 12, 'TEORI', '7', '08:00:00', '10:30:00', '2021-04-10', '', NULL, NULL),
(1352, 5, 85, 56, 12, 'TEORI', '8', '08:00:00', '10:30:00', '2021-04-17', '', NULL, NULL),
(1353, 5, 85, 56, 12, 'TEORI', '9', '08:00:00', '10:30:00', '2021-04-24', '', NULL, NULL),
(1354, 5, 85, 56, 12, 'TEORI', '10', '08:00:00', '10:30:00', '2021-05-01', '', NULL, NULL),
(1355, 1, 85, 56, 12, 'TEORI', '11', '08:00:00', '10:30:00', '2021-05-08', '', NULL, NULL),
(1356, 1, 85, 56, 12, 'TEORI', '12', '08:00:00', '10:30:00', '2021-05-15', '', NULL, NULL),
(1357, 1, 85, 56, 12, 'TEORI', '13', '08:00:00', '10:30:00', '2021-05-22', '', NULL, NULL),
(1358, 1, 85, 56, 12, 'TEORI', '14', '08:00:00', '10:30:00', '2021-05-29', '', NULL, NULL),
(1359, 1, 85, 56, 12, 'TEORI', '15', '08:00:00', '10:30:00', '2021-06-05', '', NULL, NULL),
(1360, 1, 85, 56, 12, 'TEORI', '16', '08:00:00', '10:30:00', '2021-06-12', '', NULL, NULL),
(1361, 5, 86, 4, 1, 'TEORI', '1', '13:00:00', '13:50:00', '2021-02-27', '', NULL, NULL),
(1362, 5, 86, 4, 1, 'TEORI', '2', '13:00:00', '13:50:00', '2021-03-06', '', NULL, NULL),
(1363, 5, 86, 4, 1, 'TEORI', '3', '13:00:00', '13:50:00', '2021-03-13', '', NULL, NULL),
(1364, 5, 86, 4, 1, 'TEORI', '4', '13:00:00', '13:50:00', '2021-03-20', '', NULL, NULL),
(1365, 5, 86, 4, 1, 'TEORI', '5', '13:00:00', '13:50:00', '2021-03-27', '', NULL, NULL),
(1366, 5, 86, 4, 1, 'TEORI', '6', '13:00:00', '13:50:00', '2021-04-03', '', NULL, NULL),
(1367, 5, 86, 4, 1, 'TEORI', '7', '13:00:00', '13:50:00', '2021-04-10', '', NULL, NULL),
(1368, 5, 86, 4, 1, 'TEORI', '8', '13:00:00', '13:50:00', '2021-04-17', '', NULL, NULL),
(1369, 5, 86, 4, 1, 'TEORI', '9', '13:00:00', '13:50:00', '2021-04-24', '', NULL, NULL),
(1370, 5, 86, 4, 1, 'TEORI', '10', '13:00:00', '13:50:00', '2021-05-01', '', NULL, NULL),
(1371, 1, 86, 4, 1, 'TEORI', '11', '13:00:00', '13:50:00', '2021-05-08', '', NULL, NULL),
(1372, 1, 86, 4, 1, 'TEORI', '12', '13:00:00', '13:50:00', '2021-05-15', '', NULL, NULL),
(1373, 1, 86, 4, 1, 'TEORI', '13', '13:00:00', '13:50:00', '2021-05-22', '', NULL, NULL),
(1374, 1, 86, 4, 1, 'TEORI', '14', '13:00:00', '13:50:00', '2021-05-29', '', NULL, NULL),
(1375, 1, 86, 4, 1, 'TEORI', '15', '13:00:00', '13:50:00', '2021-06-05', '', NULL, NULL),
(1376, 1, 86, 4, 1, 'TEORI', '16', '13:00:00', '13:50:00', '2021-06-12', '', NULL, NULL),
(1377, 5, 87, 4, 2, 'LAB', '1', '13:50:00', '16:20:00', '2021-02-27', '', NULL, NULL),
(1378, 5, 87, 4, 2, 'LAB', '2', '13:50:00', '16:20:00', '2021-03-06', '', NULL, NULL),
(1379, 5, 87, 4, 2, 'LAB', '3', '13:50:00', '16:20:00', '2021-03-13', '', NULL, NULL),
(1380, 5, 87, 4, 2, 'LAB', '4', '13:50:00', '16:20:00', '2021-03-20', '', NULL, NULL),
(1381, 5, 87, 4, 2, 'LAB', '5', '13:50:00', '16:20:00', '2021-03-27', '', NULL, NULL),
(1382, 5, 87, 4, 2, 'LAB', '6', '13:50:00', '16:20:00', '2021-04-03', '', NULL, NULL),
(1383, 5, 87, 4, 2, 'LAB', '7', '13:50:00', '16:20:00', '2021-04-10', '', NULL, NULL),
(1384, 5, 87, 4, 2, 'LAB', '8', '13:50:00', '16:20:00', '2021-04-17', '', NULL, NULL),
(1385, 5, 87, 4, 2, 'LAB', '9', '13:50:00', '16:20:00', '2021-04-24', '', NULL, NULL),
(1386, 5, 87, 4, 2, 'LAB', '10', '13:50:00', '16:20:00', '2021-05-01', '', NULL, NULL),
(1387, 1, 87, 4, 2, 'LAB', '11', '13:50:00', '16:20:00', '2021-05-08', '', NULL, NULL),
(1388, 1, 87, 4, 2, 'LAB', '12', '13:50:00', '16:20:00', '2021-05-15', '', NULL, NULL),
(1389, 1, 87, 4, 2, 'LAB', '13', '13:50:00', '16:20:00', '2021-05-22', '', NULL, NULL),
(1390, 1, 87, 4, 2, 'LAB', '14', '13:50:00', '16:20:00', '2021-05-29', '', NULL, NULL),
(1391, 1, 87, 4, 2, 'LAB', '15', '13:50:00', '16:20:00', '2021-06-05', '', NULL, NULL),
(1392, 1, 87, 4, 2, 'LAB', '16', '13:50:00', '16:20:00', '2021-06-12', '', NULL, NULL),
(1393, 5, 88, 55, 3, 'TEORI', '1', '13:00:00', '15:30:00', '2021-02-27', '', NULL, NULL),
(1394, 5, 88, 55, 3, 'TEORI', '2', '13:00:00', '15:30:00', '2021-03-06', '', NULL, NULL),
(1395, 5, 88, 55, 3, 'TEORI', '3', '13:00:00', '15:30:00', '2021-03-13', '', NULL, NULL),
(1396, 5, 88, 55, 3, 'TEORI', '4', '13:00:00', '15:30:00', '2021-03-20', '', NULL, NULL),
(1397, 5, 88, 55, 3, 'TEORI', '5', '13:00:00', '15:30:00', '2021-03-27', '', NULL, NULL),
(1398, 5, 88, 55, 3, 'TEORI', '6', '13:00:00', '15:30:00', '2021-04-03', '', NULL, NULL),
(1399, 5, 88, 55, 3, 'TEORI', '7', '13:00:00', '15:30:00', '2021-04-10', '', NULL, NULL),
(1400, 5, 88, 55, 3, 'TEORI', '8', '13:00:00', '15:30:00', '2021-04-17', '', NULL, NULL),
(1401, 5, 88, 55, 3, 'TEORI', '9', '13:00:00', '15:30:00', '2021-04-24', '', NULL, NULL),
(1402, 5, 88, 55, 3, 'TEORI', '10', '13:00:00', '15:30:00', '2021-05-01', '', NULL, NULL),
(1403, 1, 88, 55, 3, 'TEORI', '11', '13:00:00', '15:30:00', '2021-05-08', '', NULL, NULL),
(1404, 1, 88, 55, 3, 'TEORI', '12', '13:00:00', '15:30:00', '2021-05-15', '', NULL, NULL),
(1405, 1, 88, 55, 3, 'TEORI', '13', '13:00:00', '15:30:00', '2021-05-22', '', NULL, NULL),
(1406, 1, 88, 55, 3, 'TEORI', '14', '13:00:00', '15:30:00', '2021-05-29', '', NULL, NULL),
(1407, 1, 88, 55, 3, 'TEORI', '15', '13:00:00', '15:30:00', '2021-06-05', '', NULL, NULL),
(1408, 1, 88, 55, 3, 'TEORI', '16', '13:00:00', '15:30:00', '2021-06-12', '', NULL, NULL),
(1409, 5, 89, 57, 4, 'TEORI', '1', '13:00:00', '15:30:00', '2021-02-27', '', NULL, NULL),
(1410, 5, 89, 57, 4, 'TEORI', '2', '13:00:00', '15:30:00', '2021-03-06', '', NULL, NULL),
(1411, 5, 89, 57, 4, 'TEORI', '3', '13:00:00', '15:30:00', '2021-03-13', '', NULL, NULL),
(1412, 5, 89, 57, 4, 'TEORI', '4', '13:00:00', '15:30:00', '2021-03-20', '', NULL, NULL),
(1413, 5, 89, 57, 4, 'TEORI', '5', '13:00:00', '15:30:00', '2021-03-27', '', NULL, NULL),
(1414, 5, 89, 57, 4, 'TEORI', '6', '13:00:00', '15:30:00', '2021-04-03', '', NULL, NULL),
(1415, 5, 89, 57, 4, 'TEORI', '7', '13:00:00', '15:30:00', '2021-04-10', '', NULL, NULL),
(1416, 5, 89, 57, 4, 'TEORI', '8', '13:00:00', '15:30:00', '2021-04-17', '', NULL, NULL),
(1417, 5, 89, 57, 4, 'TEORI', '9', '13:00:00', '15:30:00', '2021-04-24', '', NULL, NULL),
(1418, 5, 89, 57, 4, 'TEORI', '10', '13:00:00', '15:30:00', '2021-05-01', '', NULL, NULL),
(1419, 1, 89, 57, 4, 'TEORI', '11', '13:00:00', '15:30:00', '2021-05-08', '', NULL, NULL),
(1420, 1, 89, 57, 4, 'TEORI', '12', '13:00:00', '15:30:00', '2021-05-15', '', NULL, NULL),
(1421, 1, 89, 57, 4, 'TEORI', '13', '13:00:00', '15:30:00', '2021-05-22', '', NULL, NULL),
(1422, 1, 89, 57, 4, 'TEORI', '14', '13:00:00', '15:30:00', '2021-05-29', '', NULL, NULL),
(1423, 1, 89, 57, 4, 'TEORI', '15', '13:00:00', '15:30:00', '2021-06-05', '', NULL, NULL),
(1424, 1, 89, 57, 4, 'TEORI', '16', '13:00:00', '15:30:00', '2021-06-12', '', NULL, NULL);

-- --------------------------------------------------------

--
-- Struktur dari tabel `status`
--

CREATE TABLE `status` (
  `id` int(10) UNSIGNED NOT NULL,
  `status` varchar(255) COLLATE utf8mb4_unicode_ci NOT NULL,
  `created_at` timestamp NULL DEFAULT NULL,
  `updated_at` timestamp NULL DEFAULT NULL
) ENGINE=InnoDB DEFAULT CHARSET=utf8mb4 COLLATE=utf8mb4_unicode_ci;

--
-- Dumping data untuk tabel `status`
--

INSERT INTO `status` (`id`, `status`, `created_at`, `updated_at`) VALUES
(1, 'On Schedule', NULL, NULL),
(2, 'Sedang Berlangsung', NULL, NULL),
(3, 'Batal Kelas', NULL, NULL),
(4, 'Pindah Ruangan', NULL, NULL),
(5, 'Selesai', NULL, NULL);

--
-- Indexes for dumped tables
--

--
-- Indeks untuk tabel `dosen`
--
ALTER TABLE `dosen`
  ADD PRIMARY KEY (`id`);

--
-- Indeks untuk tabel `dosen_matkul`
--
ALTER TABLE `dosen_matkul`
  ADD PRIMARY KEY (`id_dosen`,`id_matkul`),
  ADD KEY `id_matkul` (`id_matkul`);

--
-- Indeks untuk tabel `jadwal`
--
ALTER TABLE `jadwal`
  ADD PRIMARY KEY (`id`),
  ADD KEY `jadwal_id_matkul_foreign` (`id_matkul`),
  ADD KEY `jadwal_id_ruang_foreign` (`id_ruang`);

--
-- Indeks untuk tabel `matakuliah`
--
ALTER TABLE `matakuliah`
  ADD PRIMARY KEY (`id`);

--
-- Indeks untuk tabel `migrations`
--
ALTER TABLE `migrations`
  ADD PRIMARY KEY (`id`);

--
-- Indeks untuk tabel `ruangan`
--
ALTER TABLE `ruangan`
  ADD PRIMARY KEY (`id`);

--
-- Indeks untuk tabel `sesi_kelas`
--
ALTER TABLE `sesi_kelas`
  ADD PRIMARY KEY (`id`),
  ADD KEY `id_matkul` (`id_matkul`),
  ADD KEY `id_ruang` (`id_ruang`),
  ADD KEY `id_status` (`id_status`),
  ADD KEY `sesi_kelas_ibfk_4` (`id_jadwal`);

--
-- Indeks untuk tabel `status`
--
ALTER TABLE `status`
  ADD PRIMARY KEY (`id`);

--
-- AUTO_INCREMENT untuk tabel yang dibuang
--

--
-- AUTO_INCREMENT untuk tabel `dosen`
--
ALTER TABLE `dosen`
  MODIFY `id` int(10) UNSIGNED NOT NULL AUTO_INCREMENT, AUTO_INCREMENT=34;

--
-- AUTO_INCREMENT untuk tabel `jadwal`
--
ALTER TABLE `jadwal`
  MODIFY `id` int(10) UNSIGNED NOT NULL AUTO_INCREMENT, AUTO_INCREMENT=90;

--
-- AUTO_INCREMENT untuk tabel `matakuliah`
--
ALTER TABLE `matakuliah`
  MODIFY `id` int(10) UNSIGNED NOT NULL AUTO_INCREMENT, AUTO_INCREMENT=72;

--
-- AUTO_INCREMENT untuk tabel `migrations`
--
ALTER TABLE `migrations`
  MODIFY `id` int(10) UNSIGNED NOT NULL AUTO_INCREMENT, AUTO_INCREMENT=9;

--
-- AUTO_INCREMENT untuk tabel `ruangan`
--
ALTER TABLE `ruangan`
  MODIFY `id` int(10) UNSIGNED NOT NULL AUTO_INCREMENT, AUTO_INCREMENT=13;

--
-- AUTO_INCREMENT untuk tabel `sesi_kelas`
--
ALTER TABLE `sesi_kelas`
  MODIFY `id` int(10) UNSIGNED NOT NULL AUTO_INCREMENT, AUTO_INCREMENT=1425;

--
-- AUTO_INCREMENT untuk tabel `status`
--
ALTER TABLE `status`
  MODIFY `id` int(10) UNSIGNED NOT NULL AUTO_INCREMENT, AUTO_INCREMENT=6;

--
-- Ketidakleluasaan untuk tabel pelimpahan (Dumped Tables)
--

--
-- Ketidakleluasaan untuk tabel `dosen_matkul`
--
ALTER TABLE `dosen_matkul`
  ADD CONSTRAINT `dosen_matkul_ibfk_1` FOREIGN KEY (`id_dosen`) REFERENCES `dosen` (`id`) ON DELETE CASCADE ON UPDATE CASCADE,
  ADD CONSTRAINT `dosen_matkul_ibfk_2` FOREIGN KEY (`id_matkul`) REFERENCES `matakuliah` (`id`) ON DELETE CASCADE ON UPDATE CASCADE;

--
-- Ketidakleluasaan untuk tabel `sesi_kelas`
--
ALTER TABLE `sesi_kelas`
  ADD CONSTRAINT `sesi_kelas_ibfk_1` FOREIGN KEY (`id_matkul`) REFERENCES `matakuliah` (`id`) ON DELETE CASCADE ON UPDATE CASCADE,
  ADD CONSTRAINT `sesi_kelas_ibfk_2` FOREIGN KEY (`id_ruang`) REFERENCES `ruangan` (`id`) ON DELETE CASCADE ON UPDATE CASCADE,
  ADD CONSTRAINT `sesi_kelas_ibfk_3` FOREIGN KEY (`id_status`) REFERENCES `status` (`id`) ON DELETE CASCADE ON UPDATE CASCADE,
  ADD CONSTRAINT `sesi_kelas_ibfk_4` FOREIGN KEY (`id_jadwal`) REFERENCES `jadwal` (`id`);
COMMIT;

/*!40101 SET CHARACTER_SET_CLIENT=@OLD_CHARACTER_SET_CLIENT */;
/*!40101 SET CHARACTER_SET_RESULTS=@OLD_CHARACTER_SET_RESULTS */;
/*!40101 SET COLLATION_CONNECTION=@OLD_COLLATION_CONNECTION */;
